"assessment_id","type","fleet","survey","sex","region","season","year","age","age_group","value","se","lwr","upr","unit","source_type","source_reference","notes"
"dfo_cod_2j3kl_2025","SSB",,,,,,2021,,,467,,388,561,"kt","official_table","DFO 2025/043, Table 1, p. 5","Table 1 estimate with 95% confidence interval."
"dfo_cod_2j3kl_2025","recruitment",,,,,,2021,0,,971,,504,1871,"million fish","official_table","DFO 2025/043, Table 1, p. 5","Age-0 recruitment estimate with 95% confidence interval."
"dfo_cod_2j3kl_2025","Mbar",,,,,,2021,,"5+",0.33,,0.18,0.61,"yr-1","official_table","DFO 2025/043, Table 1, p. 5","Population-weighted average M for ages 5+ with 95% confidence interval."
"dfo_cod_2j3kl_2025","Fbar",,,,,,2021,,"5+",0.013,,0.01,0.018,"yr-1","official_table","DFO 2025/043, Table 1, p. 5","Population-weighted average F for ages 5+ with 95% confidence interval."
"dfo_cod_2j3kl_2025","SSB",,,,,,2022,,,541,,433,677,"kt","official_table","DFO 2025/043, Table 1, p. 5","Table 1 estimate with 95% confidence interval."
"dfo_cod_2j3kl_2025","recruitment",,,,,,2022,0,,872,,422,1802,"million fish","official_table","DFO 2025/043, Table 1, p. 5","Age-0 recruitment estimate with 95% confidence interval."
"dfo_cod_2j3kl_2025","Mbar",,,,,,2022,,"5+",0.47,,0.27,0.81,"yr-1","official_table","DFO 2025/043, Table 1, p. 5","Population-weighted average M for ages 5+ with 95% confidence interval."
"dfo_cod_2j3kl_2025","Fbar",,,,,,2022,,"5+",0.014,,0.011,0.019,"yr-1","official_table","DFO 2025/043, Table 1, p. 5","Population-weighted average F for ages 5+ with 95% confidence interval."
"dfo_cod_2j3kl_2025","SSB",,,,,,2023,,,496,,380,648,"kt","official_table","DFO 2025/043, Table 1, p. 5","Table 1 estimate with 95% confidence interval."
"dfo_cod_2j3kl_2025","recruitment",,,,,,2023,0,,880,,426,1819,"million fish","official_table","DFO 2025/043, Table 1, p. 5","Age-0 recruitment estimate with 95% confidence interval."
"dfo_cod_2j3kl_2025","Mbar",,,,,,2023,,"5+",0.52,,0.3,0.9,"yr-1","official_table","DFO 2025/043, Table 1, p. 5","Population-weighted average M for ages 5+ with 95% confidence interval."
"dfo_cod_2j3kl_2025","Fbar",,,,,,2023,,"5+",0.016,,0.012,0.02,"yr-1","official_table","DFO 2025/043, Table 1, p. 5","Population-weighted average F for ages 5+ with 95% confidence interval."
"dfo_cod_2j3kl_2025","SSB",,,,,,2024,,,444,,356,553,"kt","official_table","DFO 2025/043, Table 1, p. 5","Table 1 estimate with 95% confidence interval."
"dfo_cod_2j3kl_2025","recruitment",,,,,,2024,0,,891,,436,1821,"million fish","official_table","DFO 2025/043, Table 1, p. 5","Age-0 recruitment estimate with 95% confidence interval."
"dfo_cod_2j3kl_2025","Mbar",,,,,,2024,,"5+",0.32,,0.17,0.59,"yr-1","official_table","DFO 2025/043, Table 1, p. 5","Population-weighted average M for ages 5+ with 95% confidence interval."
"dfo_cod_2j3kl_2025","Fbar",,,,,,2024,,"5+",0.02,,0.016,0.026,"yr-1","official_table","DFO 2025/043, Table 1, p. 5","Population-weighted average F for ages 5+ with 95% confidence interval."
"dfo_cod_2j3kl_2025","SSB",,,,,,2025,,,524,,404,678,"kt","official_table","DFO 2025/043, Table 1, p. 5","Table 1 estimate with 95% confidence interval."
"dfo_cod_2j3kl_2025","recruitment",,,,,,2025,0,,1016,,505,2043,"million fish","official_table","DFO 2025/043, Table 1, p. 5","Age-0 recruitment estimate with 95% confidence interval."
"dfo_cod_4t4vn_2024","SSB",,,,,,2023,,,12,,10.5,21.6,"kt","official_table","DFO Science Advisory Report 2024/026, Figure 1B text, p. 5","Median estimate at the start of 2023; bounds are the reported 95% confidence interval. The 2024 rebuilding-plan data table gives a different estimate and interval (11.9 kt; 7.8-16.5); the assessment-report value is retained here."
"dfo_cod_4t4vn_2024","SSB",,,,,,1950,,,288.5,,232.4,379.2,"kt","official_table","DFO sGSL Cod Rebuilding Plan (2024), Figure 2 data table; source cited as DFO Science Advisory Report 2024/026","Median SSB estimate with 95% confidence interval. The plan's 2023 row differs from the assessment report and is omitted; 2023 is recorded from DFO 2024/026."
"dfo_cod_4t4vn_2024","SSB",,,,,,1951,,,292.6,,236.7,385.4,"kt","official_table","DFO sGSL Cod Rebuilding Plan (2024), Figure 2 data table; source cited as DFO Science Advisory Report 2024/026","Median SSB estimate with 95% confidence interval. The plan's 2023 row differs from the assessment report and is omitted; 2023 is recorded from DFO 2024/026."
"dfo_cod_4t4vn_2024","SSB",,,,,,1952,,,306,,248.9,398.6,"kt","official_table","DFO sGSL Cod Rebuilding Plan (2024), Figure 2 data table; source cited as DFO Science Advisory Report 2024/026","Median SSB estimate with 95% confidence interval. The plan's 2023 row differs from the assessment report and is omitted; 2023 is recorded from DFO 2024/026."
"dfo_cod_4t4vn_2024","SSB",,,,,,1953,,,314.5,,259.6,396.1,"kt","official_table","DFO sGSL Cod Rebuilding Plan (2024), Figure 2 data table; source cited as DFO Science Advisory Report 2024/026","Median SSB estimate with 95% confidence interval. The plan's 2023 row differs from the assessment report and is omitted; 2023 is recorded from DFO 2024/026."
"dfo_cod_4t4vn_2024","SSB",,,,,,1954,,,313.8,,262.3,380.9,"kt","official_table","DFO sGSL Cod Rebuilding Plan (2024), Figure 2 data table; source cited as DFO Science Advisory Report 2024/026","Median SSB estimate with 95% confidence interval. The plan's 2023 row differs from the assessment report and is omitted; 2023 is recorded from DFO 2024/026."
"dfo_cod_4t4vn_2024","SSB",,,,,,1955,,,297.1,,251.9,352.6,"kt","official_table","DFO sGSL Cod Rebuilding Plan (2024), Figure 2 data table; source cited as DFO Science Advisory Report 2024/026","Median SSB estimate with 95% confidence interval. The plan's 2023 row differs from the assessment report and is omitted; 2023 is recorded from DFO 2024/026."
"dfo_cod_4t4vn_2024","SSB",,,,,,1956,,,295,,256.6,342.8,"kt","official_table","DFO sGSL Cod Rebuilding Plan (2024), Figure 2 data table; source cited as DFO Science Advisory Report 2024/026","Median SSB estimate with 95% confidence interval. The plan's 2023 row differs from the assessment report and is omitted; 2023 is recorded from DFO 2024/026."
"dfo_cod_4t4vn_2024","SSB",,,,,,1957,,,272.6,,236.8,314.7,"kt","official_table","DFO sGSL Cod Rebuilding Plan (2024), Figure 2 data table; source cited as DFO Science Advisory Report 2024/026","Median SSB estimate with 95% confidence interval. The plan's 2023 row differs from the assessment report and is omitted; 2023 is recorded from DFO 2024/026."
"dfo_cod_4t4vn_2024","SSB",,,,,,1958,,,249.2,,218.6,289.5,"kt","official_table","DFO sGSL Cod Rebuilding Plan (2024), Figure 2 data table; source cited as DFO Science Advisory Report 2024/026","Median SSB estimate with 95% confidence interval. The plan's 2023 row differs from the assessment report and is omitted; 2023 is recorded from DFO 2024/026."
"dfo_cod_4t4vn_2024","SSB",,,,,,1959,,,202.9,,175.5,236.2,"kt","official_table","DFO sGSL Cod Rebuilding Plan (2024), Figure 2 data table; source cited as DFO Science Advisory Report 2024/026","Median SSB estimate with 95% confidence interval. The plan's 2023 row differs from the assessment report and is omitted; 2023 is recorded from DFO 2024/026."
"dfo_cod_4t4vn_2024","SSB",,,,,,1960,,,162.4,,137.6,188.8,"kt","official_table","DFO sGSL Cod Rebuilding Plan (2024), Figure 2 data table; source cited as DFO Science Advisory Report 2024/026","Median SSB estimate with 95% confidence interval. The plan's 2023 row differs from the assessment report and is omitted; 2023 is recorded from DFO 2024/026."
"dfo_cod_4t4vn_2024","SSB",,,,,,1961,,,188.3,,160.8,215.7,"kt","official_table","DFO sGSL Cod Rebuilding Plan (2024), Figure 2 data table; source cited as DFO Science Advisory Report 2024/026","Median SSB estimate with 95% confidence interval. The plan's 2023 row differs from the assessment report and is omitted; 2023 is recorded from DFO 2024/026."
"dfo_cod_4t4vn_2024","SSB",,,,,,1962,,,230.4,,198,263.3,"kt","official_table","DFO sGSL Cod Rebuilding Plan (2024), Figure 2 data table; source cited as DFO Science Advisory Report 2024/026","Median SSB estimate with 95% confidence interval. The plan's 2023 row differs from the assessment report and is omitted; 2023 is recorded from DFO 2024/026."
"dfo_cod_4t4vn_2024","SSB",,,,,,1963,,,243.6,,212.9,275.8,"kt","official_table","DFO sGSL Cod Rebuilding Plan (2024), Figure 2 data table; source cited as DFO Science Advisory Report 2024/026","Median SSB estimate with 95% confidence interval. The plan's 2023 row differs from the assessment report and is omitted; 2023 is recorded from DFO 2024/026."
"dfo_cod_4t4vn_2024","SSB",,,,,,1964,,,198.1,,171.7,224.8,"kt","official_table","DFO sGSL Cod Rebuilding Plan (2024), Figure 2 data table; source cited as DFO Science Advisory Report 2024/026","Median SSB estimate with 95% confidence interval. The plan's 2023 row differs from the assessment report and is omitted; 2023 is recorded from DFO 2024/026."
"dfo_cod_4t4vn_2024","SSB",,,,,,1965,,,171,,147.5,194.3,"kt","official_table","DFO sGSL Cod Rebuilding Plan (2024), Figure 2 data table; source cited as DFO Science Advisory Report 2024/026","Median SSB estimate with 95% confidence interval. The plan's 2023 row differs from the assessment report and is omitted; 2023 is recorded from DFO 2024/026."
"dfo_cod_4t4vn_2024","SSB",,,,,,1966,,,135.9,,115.8,155.5,"kt","official_table","DFO sGSL Cod Rebuilding Plan (2024), Figure 2 data table; source cited as DFO Science Advisory Report 2024/026","Median SSB estimate with 95% confidence interval. The plan's 2023 row differs from the assessment report and is omitted; 2023 is recorded from DFO 2024/026."
"dfo_cod_4t4vn_2024","SSB",,,,,,1967,,,125,,107.7,141.9,"kt","official_table","DFO sGSL Cod Rebuilding Plan (2024), Figure 2 data table; source cited as DFO Science Advisory Report 2024/026","Median SSB estimate with 95% confidence interval. The plan's 2023 row differs from the assessment report and is omitted; 2023 is recorded from DFO 2024/026."
"dfo_cod_4t4vn_2024","SSB",,,,,,1968,,,162.8,,145.4,181.7,"kt","official_table","DFO sGSL Cod Rebuilding Plan (2024), Figure 2 data table; source cited as DFO Science Advisory Report 2024/026","Median SSB estimate with 95% confidence interval. The plan's 2023 row differs from the assessment report and is omitted; 2023 is recorded from DFO 2024/026."
"dfo_cod_4t4vn_2024","SSB",,,,,,1969,,,176.5,,160.2,194.1,"kt","official_table","DFO sGSL Cod Rebuilding Plan (2024), Figure 2 data table; source cited as DFO Science Advisory Report 2024/026","Median SSB estimate with 95% confidence interval. The plan's 2023 row differs from the assessment report and is omitted; 2023 is recorded from DFO 2024/026."
"dfo_cod_4t4vn_2024","SSB",,,,,,1970,,,189.5,,175.2,206.9,"kt","official_table","DFO sGSL Cod Rebuilding Plan (2024), Figure 2 data table; source cited as DFO Science Advisory Report 2024/026","Median SSB estimate with 95% confidence interval. The plan's 2023 row differs from the assessment report and is omitted; 2023 is recorded from DFO 2024/026."
"dfo_cod_4t4vn_2024","SSB",,,,,,1971,,,170,,157.5,186.9,"kt","official_table","DFO sGSL Cod Rebuilding Plan (2024), Figure 2 data table; source cited as DFO Science Advisory Report 2024/026","Median SSB estimate with 95% confidence interval. The plan's 2023 row differs from the assessment report and is omitted; 2023 is recorded from DFO 2024/026."
"dfo_cod_4t4vn_2024","SSB",,,,,,1972,,,158.8,,147.6,174.7,"kt","official_table","DFO sGSL Cod Rebuilding Plan (2024), Figure 2 data table; source cited as DFO Science Advisory Report 2024/026","Median SSB estimate with 95% confidence interval. The plan's 2023 row differs from the assessment report and is omitted; 2023 is recorded from DFO 2024/026."
"dfo_cod_4t4vn_2024","SSB",,,,,,1973,,,129.2,,119.5,143.7,"kt","official_table","DFO sGSL Cod Rebuilding Plan (2024), Figure 2 data table; source cited as DFO Science Advisory Report 2024/026","Median SSB estimate with 95% confidence interval. The plan's 2023 row differs from the assessment report and is omitted; 2023 is recorded from DFO 2024/026."
"dfo_cod_4t4vn_2024","SSB",,,,,,1974,,,122.8,,113,139.8,"kt","official_table","DFO sGSL Cod Rebuilding Plan (2024), Figure 2 data table; source cited as DFO Science Advisory Report 2024/026","Median SSB estimate with 95% confidence interval. The plan's 2023 row differs from the assessment report and is omitted; 2023 is recorded from DFO 2024/026."
"dfo_cod_4t4vn_2024","SSB",,,,,,1975,,,115.6,,104.8,135.9,"kt","official_table","DFO sGSL Cod Rebuilding Plan (2024), Figure 2 data table; source cited as DFO Science Advisory Report 2024/026","Median SSB estimate with 95% confidence interval. The plan's 2023 row differs from the assessment report and is omitted; 2023 is recorded from DFO 2024/026."
"dfo_cod_4t4vn_2024","SSB",,,,,,1976,,,115.5,,102.7,139.7,"kt","official_table","DFO sGSL Cod Rebuilding Plan (2024), Figure 2 data table; source cited as DFO Science Advisory Report 2024/026","Median SSB estimate with 95% confidence interval. The plan's 2023 row differs from the assessment report and is omitted; 2023 is recorded from DFO 2024/026."
"dfo_cod_4t4vn_2024","SSB",,,,,,1977,,,141.9,,122.2,177.2,"kt","official_table","DFO sGSL Cod Rebuilding Plan (2024), Figure 2 data table; source cited as DFO Science Advisory Report 2024/026","Median SSB estimate with 95% confidence interval. The plan's 2023 row differs from the assessment report and is omitted; 2023 is recorded from DFO 2024/026."
"dfo_cod_4t4vn_2024","SSB",,,,,,1978,,,220.9,,190.7,278.9,"kt","official_table","DFO sGSL Cod Rebuilding Plan (2024), Figure 2 data table; source cited as DFO Science Advisory Report 2024/026","Median SSB estimate with 95% confidence interval. The plan's 2023 row differs from the assessment report and is omitted; 2023 is recorded from DFO 2024/026."
"dfo_cod_4t4vn_2024","SSB",,,,,,1979,,,285.6,,245.2,367.6,"kt","official_table","DFO sGSL Cod Rebuilding Plan (2024), Figure 2 data table; source cited as DFO Science Advisory Report 2024/026","Median SSB estimate with 95% confidence interval. The plan's 2023 row differs from the assessment report and is omitted; 2023 is recorded from DFO 2024/026."
"dfo_cod_4t4vn_2024","SSB",,,,,,1980,,,311.3,,267.5,412.2,"kt","official_table","DFO sGSL Cod Rebuilding Plan (2024), Figure 2 data table; source cited as DFO Science Advisory Report 2024/026","Median SSB estimate with 95% confidence interval. The plan's 2023 row differs from the assessment report and is omitted; 2023 is recorded from DFO 2024/026."
"dfo_cod_4t4vn_2024","SSB",,,,,,1981,,,342.1,,291.4,452.1,"kt","official_table","DFO sGSL Cod Rebuilding Plan (2024), Figure 2 data table; source cited as DFO Science Advisory Report 2024/026","Median SSB estimate with 95% confidence interval. The plan's 2023 row differs from the assessment report and is omitted; 2023 is recorded from DFO 2024/026."
"dfo_cod_4t4vn_2024","SSB",,,,,,1982,,,341,,287.3,449.6,"kt","official_table","DFO sGSL Cod Rebuilding Plan (2024), Figure 2 data table; source cited as DFO Science Advisory Report 2024/026","Median SSB estimate with 95% confidence interval. The plan's 2023 row differs from the assessment report and is omitted; 2023 is recorded from DFO 2024/026."
"dfo_cod_4t4vn_2024","SSB",,,,,,1983,,,336.5,,278.9,439.1,"kt","official_table","DFO sGSL Cod Rebuilding Plan (2024), Figure 2 data table; source cited as DFO Science Advisory Report 2024/026","Median SSB estimate with 95% confidence interval. The plan's 2023 row differs from the assessment report and is omitted; 2023 is recorded from DFO 2024/026."
"dfo_cod_4t4vn_2024","SSB",,,,,,1984,,,313.9,,255.7,407.8,"kt","official_table","DFO sGSL Cod Rebuilding Plan (2024), Figure 2 data table; source cited as DFO Science Advisory Report 2024/026","Median SSB estimate with 95% confidence interval. The plan's 2023 row differs from the assessment report and is omitted; 2023 is recorded from DFO 2024/026."
"dfo_cod_4t4vn_2024","SSB",,,,,,1985,,,315.4,,261.7,413.4,"kt","official_table","DFO sGSL Cod Rebuilding Plan (2024), Figure 2 data table; source cited as DFO Science Advisory Report 2024/026","Median SSB estimate with 95% confidence interval. The plan's 2023 row differs from the assessment report and is omitted; 2023 is recorded from DFO 2024/026."
"dfo_cod_4t4vn_2024","SSB",,,,,,1986,,,307.3,,258.8,408.8,"kt","official_table","DFO sGSL Cod Rebuilding Plan (2024), Figure 2 data table; source cited as DFO Science Advisory Report 2024/026","Median SSB estimate with 95% confidence interval. The plan's 2023 row differs from the assessment report and is omitted; 2023 is recorded from DFO 2024/026."
"dfo_cod_4t4vn_2024","SSB",,,,,,1987,,,264.3,,224.6,348.3,"kt","official_table","DFO sGSL Cod Rebuilding Plan (2024), Figure 2 data table; source cited as DFO Science Advisory Report 2024/026","Median SSB estimate with 95% confidence interval. The plan's 2023 row differs from the assessment report and is omitted; 2023 is recorded from DFO 2024/026."
"dfo_cod_4t4vn_2024","SSB",,,,,,1988,,,230.3,,198.5,302.6,"kt","official_table","DFO sGSL Cod Rebuilding Plan (2024), Figure 2 data table; source cited as DFO Science Advisory Report 2024/026","Median SSB estimate with 95% confidence interval. The plan's 2023 row differs from the assessment report and is omitted; 2023 is recorded from DFO 2024/026."
"dfo_cod_4t4vn_2024","SSB",,,,,,1989,,,201.7,,174.7,260.5,"kt","official_table","DFO sGSL Cod Rebuilding Plan (2024), Figure 2 data table; source cited as DFO Science Advisory Report 2024/026","Median SSB estimate with 95% confidence interval. The plan's 2023 row differs from the assessment report and is omitted; 2023 is recorded from DFO 2024/026."
"dfo_cod_4t4vn_2024","SSB",,,,,,1990,,,169.5,,146.1,217.2,"kt","official_table","DFO sGSL Cod Rebuilding Plan (2024), Figure 2 data table; source cited as DFO Science Advisory Report 2024/026","Median SSB estimate with 95% confidence interval. The plan's 2023 row differs from the assessment report and is omitted; 2023 is recorded from DFO 2024/026."
"dfo_cod_4t4vn_2024","SSB",,,,,,1991,,,139.8,,117.1,180.3,"kt","official_table","DFO sGSL Cod Rebuilding Plan (2024), Figure 2 data table; source cited as DFO Science Advisory Report 2024/026","Median SSB estimate with 95% confidence interval. The plan's 2023 row differs from the assessment report and is omitted; 2023 is recorded from DFO 2024/026."
"dfo_cod_4t4vn_2024","SSB",,,,,,1992,,,112.5,,91.2,152.6,"kt","official_table","DFO sGSL Cod Rebuilding Plan (2024), Figure 2 data table; source cited as DFO Science Advisory Report 2024/026","Median SSB estimate with 95% confidence interval. The plan's 2023 row differs from the assessment report and is omitted; 2023 is recorded from DFO 2024/026."
"dfo_cod_4t4vn_2024","SSB",,,,,,1993,,,91.7,,71.1,133.2,"kt","official_table","DFO sGSL Cod Rebuilding Plan (2024), Figure 2 data table; source cited as DFO Science Advisory Report 2024/026","Median SSB estimate with 95% confidence interval. The plan's 2023 row differs from the assessment report and is omitted; 2023 is recorded from DFO 2024/026."
"dfo_cod_4t4vn_2024","SSB",,,,,,1994,,,92.9,,73.3,133.9,"kt","official_table","DFO sGSL Cod Rebuilding Plan (2024), Figure 2 data table; source cited as DFO Science Advisory Report 2024/026","Median SSB estimate with 95% confidence interval. The plan's 2023 row differs from the assessment report and is omitted; 2023 is recorded from DFO 2024/026."
"dfo_cod_4t4vn_2024","SSB",,,,,,1995,,,98.7,,80.1,140.9,"kt","official_table","DFO sGSL Cod Rebuilding Plan (2024), Figure 2 data table; source cited as DFO Science Advisory Report 2024/026","Median SSB estimate with 95% confidence interval. The plan's 2023 row differs from the assessment report and is omitted; 2023 is recorded from DFO 2024/026."
"dfo_cod_4t4vn_2024","SSB",,,,,,1996,,,105.6,,86.2,150.3,"kt","official_table","DFO sGSL Cod Rebuilding Plan (2024), Figure 2 data table; source cited as DFO Science Advisory Report 2024/026","Median SSB estimate with 95% confidence interval. The plan's 2023 row differs from the assessment report and is omitted; 2023 is recorded from DFO 2024/026."
"dfo_cod_4t4vn_2024","SSB",,,,,,1997,,,113.6,,92.7,158.6,"kt","official_table","DFO sGSL Cod Rebuilding Plan (2024), Figure 2 data table; source cited as DFO Science Advisory Report 2024/026","Median SSB estimate with 95% confidence interval. The plan's 2023 row differs from the assessment report and is omitted; 2023 is recorded from DFO 2024/026."
"dfo_cod_4t4vn_2024","SSB",,,,,,1998,,,114.5,,94,159.6,"kt","official_table","DFO sGSL Cod Rebuilding Plan (2024), Figure 2 data table; source cited as DFO Science Advisory Report 2024/026","Median SSB estimate with 95% confidence interval. The plan's 2023 row differs from the assessment report and is omitted; 2023 is recorded from DFO 2024/026."
"dfo_cod_4t4vn_2024","SSB",,,,,,1999,,,110.1,,90.4,152.2,"kt","official_table","DFO sGSL Cod Rebuilding Plan (2024), Figure 2 data table; source cited as DFO Science Advisory Report 2024/026","Median SSB estimate with 95% confidence interval. The plan's 2023 row differs from the assessment report and is omitted; 2023 is recorded from DFO 2024/026."
"dfo_cod_4t4vn_2024","SSB",,,,,,2000,,,109.5,,88.4,148.3,"kt","official_table","DFO sGSL Cod Rebuilding Plan (2024), Figure 2 data table; source cited as DFO Science Advisory Report 2024/026","Median SSB estimate with 95% confidence interval. The plan's 2023 row differs from the assessment report and is omitted; 2023 is recorded from DFO 2024/026."
"dfo_cod_4t4vn_2024","SSB",,,,,,2001,,,110.3,,87.7,145.6,"kt","official_table","DFO sGSL Cod Rebuilding Plan (2024), Figure 2 data table; source cited as DFO Science Advisory Report 2024/026","Median SSB estimate with 95% confidence interval. The plan's 2023 row differs from the assessment report and is omitted; 2023 is recorded from DFO 2024/026."
"dfo_cod_4t4vn_2024","SSB",,,,,,2002,,,98.3,,77.6,128.4,"kt","official_table","DFO sGSL Cod Rebuilding Plan (2024), Figure 2 data table; source cited as DFO Science Advisory Report 2024/026","Median SSB estimate with 95% confidence interval. The plan's 2023 row differs from the assessment report and is omitted; 2023 is recorded from DFO 2024/026."
"dfo_cod_4t4vn_2024","SSB",,,,,,2003,,,85.8,,68,113.9,"kt","official_table","DFO sGSL Cod Rebuilding Plan (2024), Figure 2 data table; source cited as DFO Science Advisory Report 2024/026","Median SSB estimate with 95% confidence interval. The plan's 2023 row differs from the assessment report and is omitted; 2023 is recorded from DFO 2024/026."
"dfo_cod_4t4vn_2024","SSB",,,,,,2004,,,81.3,,64.7,107.6,"kt","official_table","DFO sGSL Cod Rebuilding Plan (2024), Figure 2 data table; source cited as DFO Science Advisory Report 2024/026","Median SSB estimate with 95% confidence interval. The plan's 2023 row differs from the assessment report and is omitted; 2023 is recorded from DFO 2024/026."
"dfo_cod_4t4vn_2024","SSB",,,,,,2005,,,70.7,,57,92.1,"kt","official_table","DFO sGSL Cod Rebuilding Plan (2024), Figure 2 data table; source cited as DFO Science Advisory Report 2024/026","Median SSB estimate with 95% confidence interval. The plan's 2023 row differs from the assessment report and is omitted; 2023 is recorded from DFO 2024/026."
"dfo_cod_4t4vn_2024","SSB",,,,,,2006,,,64.6,,52.9,84.4,"kt","official_table","DFO sGSL Cod Rebuilding Plan (2024), Figure 2 data table; source cited as DFO Science Advisory Report 2024/026","Median SSB estimate with 95% confidence interval. The plan's 2023 row differs from the assessment report and is omitted; 2023 is recorded from DFO 2024/026."
"dfo_cod_4t4vn_2024","SSB",,,,,,2007,,,56.5,,46.1,73.8,"kt","official_table","DFO sGSL Cod Rebuilding Plan (2024), Figure 2 data table; source cited as DFO Science Advisory Report 2024/026","Median SSB estimate with 95% confidence interval. The plan's 2023 row differs from the assessment report and is omitted; 2023 is recorded from DFO 2024/026."
"dfo_cod_4t4vn_2024","SSB",,,,,,2008,,,44.7,,36.4,58,"kt","official_table","DFO sGSL Cod Rebuilding Plan (2024), Figure 2 data table; source cited as DFO Science Advisory Report 2024/026","Median SSB estimate with 95% confidence interval. The plan's 2023 row differs from the assessment report and is omitted; 2023 is recorded from DFO 2024/026."
"dfo_cod_4t4vn_2024","SSB",,,,,,2009,,,33.1,,26.8,43.4,"kt","official_table","DFO sGSL Cod Rebuilding Plan (2024), Figure 2 data table; source cited as DFO Science Advisory Report 2024/026","Median SSB estimate with 95% confidence interval. The plan's 2023 row differs from the assessment report and is omitted; 2023 is recorded from DFO 2024/026."
"dfo_cod_4t4vn_2024","SSB",,,,,,2010,,,30.3,,24.5,40.3,"kt","official_table","DFO sGSL Cod Rebuilding Plan (2024), Figure 2 data table; source cited as DFO Science Advisory Report 2024/026","Median SSB estimate with 95% confidence interval. The plan's 2023 row differs from the assessment report and is omitted; 2023 is recorded from DFO 2024/026."
"dfo_cod_4t4vn_2024","SSB",,,,,,2011,,,28.5,,23,37.9,"kt","official_table","DFO sGSL Cod Rebuilding Plan (2024), Figure 2 data table; source cited as DFO Science Advisory Report 2024/026","Median SSB estimate with 95% confidence interval. The plan's 2023 row differs from the assessment report and is omitted; 2023 is recorded from DFO 2024/026."
"dfo_cod_4t4vn_2024","SSB",,,,,,2012,,,26.3,,21.4,34.3,"kt","official_table","DFO sGSL Cod Rebuilding Plan (2024), Figure 2 data table; source cited as DFO Science Advisory Report 2024/026","Median SSB estimate with 95% confidence interval. The plan's 2023 row differs from the assessment report and is omitted; 2023 is recorded from DFO 2024/026."
"dfo_cod_4t4vn_2024","SSB",,,,,,2013,,,24.6,,20.1,31.9,"kt","official_table","DFO sGSL Cod Rebuilding Plan (2024), Figure 2 data table; source cited as DFO Science Advisory Report 2024/026","Median SSB estimate with 95% confidence interval. The plan's 2023 row differs from the assessment report and is omitted; 2023 is recorded from DFO 2024/026."
"dfo_cod_4t4vn_2024","SSB",,,,,,2014,,,24.5,,20.3,31.6,"kt","official_table","DFO sGSL Cod Rebuilding Plan (2024), Figure 2 data table; source cited as DFO Science Advisory Report 2024/026","Median SSB estimate with 95% confidence interval. The plan's 2023 row differs from the assessment report and is omitted; 2023 is recorded from DFO 2024/026."
"dfo_cod_4t4vn_2024","SSB",,,,,,2015,,,26.3,,22,33.7,"kt","official_table","DFO sGSL Cod Rebuilding Plan (2024), Figure 2 data table; source cited as DFO Science Advisory Report 2024/026","Median SSB estimate with 95% confidence interval. The plan's 2023 row differs from the assessment report and is omitted; 2023 is recorded from DFO 2024/026."
"dfo_cod_4t4vn_2024","SSB",,,,,,2016,,,25.6,,21.3,32.6,"kt","official_table","DFO sGSL Cod Rebuilding Plan (2024), Figure 2 data table; source cited as DFO Science Advisory Report 2024/026","Median SSB estimate with 95% confidence interval. The plan's 2023 row differs from the assessment report and is omitted; 2023 is recorded from DFO 2024/026."
"dfo_cod_4t4vn_2024","SSB",,,,,,2017,,,20.9,,17.1,25.8,"kt","official_table","DFO sGSL Cod Rebuilding Plan (2024), Figure 2 data table; source cited as DFO Science Advisory Report 2024/026","Median SSB estimate with 95% confidence interval. The plan's 2023 row differs from the assessment report and is omitted; 2023 is recorded from DFO 2024/026."
"dfo_cod_4t4vn_2024","SSB",,,,,,2018,,,14.1,,11.2,17.7,"kt","official_table","DFO sGSL Cod Rebuilding Plan (2024), Figure 2 data table; source cited as DFO Science Advisory Report 2024/026","Median SSB estimate with 95% confidence interval. The plan's 2023 row differs from the assessment report and is omitted; 2023 is recorded from DFO 2024/026."
"dfo_cod_4t4vn_2024","SSB",,,,,,2019,,,10.7,,8.4,13.8,"kt","official_table","DFO sGSL Cod Rebuilding Plan (2024), Figure 2 data table; source cited as DFO Science Advisory Report 2024/026","Median SSB estimate with 95% confidence interval. The plan's 2023 row differs from the assessment report and is omitted; 2023 is recorded from DFO 2024/026."
"dfo_cod_4t4vn_2024","SSB",,,,,,2020,,,10.4,,7.7,13.5,"kt","official_table","DFO sGSL Cod Rebuilding Plan (2024), Figure 2 data table; source cited as DFO Science Advisory Report 2024/026","Median SSB estimate with 95% confidence interval. The plan's 2023 row differs from the assessment report and is omitted; 2023 is recorded from DFO 2024/026."
"dfo_cod_4t4vn_2024","SSB",,,,,,2021,,,11.5,,8.2,15.5,"kt","official_table","DFO sGSL Cod Rebuilding Plan (2024), Figure 2 data table; source cited as DFO Science Advisory Report 2024/026","Median SSB estimate with 95% confidence interval. The plan's 2023 row differs from the assessment report and is omitted; 2023 is recorded from DFO 2024/026."
"dfo_cod_4t4vn_2024","SSB",,,,,,2022,,,12.9,,8.9,18,"kt","official_table","DFO sGSL Cod Rebuilding Plan (2024), Figure 2 data table; source cited as DFO Science Advisory Report 2024/026","Median SSB estimate with 95% confidence interval. The plan's 2023 row differs from the assessment report and is omitted; 2023 is recorded from DFO 2024/026."
"dfo_cod_4t4vn_2024","recruitment",,,,,,1950,,"0-3",299.1,,195.5,403.7,"million fish","official_table","DFO sGSL Cod Rebuilding Plan (2024), Figure 4 data table; source cited as DFO Science Advisory Report 2024/026","Median estimated abundance of fish younger than age 4 (not age-0 recruitment), with 95% confidence interval."
"dfo_cod_4t4vn_2024","recruitment",,,,,,1951,,"0-3",306.5,,219.6,415.1,"million fish","official_table","DFO sGSL Cod Rebuilding Plan (2024), Figure 4 data table; source cited as DFO Science Advisory Report 2024/026","Median estimated abundance of fish younger than age 4 (not age-0 recruitment), with 95% confidence interval."
"dfo_cod_4t4vn_2024","recruitment",,,,,,1952,,"0-3",293.8,,220.2,432.5,"million fish","official_table","DFO sGSL Cod Rebuilding Plan (2024), Figure 4 data table; source cited as DFO Science Advisory Report 2024/026","Median estimated abundance of fish younger than age 4 (not age-0 recruitment), with 95% confidence interval."
"dfo_cod_4t4vn_2024","recruitment",,,,,,1953,,"0-3",201.1,,150.1,280.8,"million fish","official_table","DFO sGSL Cod Rebuilding Plan (2024), Figure 4 data table; source cited as DFO Science Advisory Report 2024/026","Median estimated abundance of fish younger than age 4 (not age-0 recruitment), with 95% confidence interval."
"dfo_cod_4t4vn_2024","recruitment",,,,,,1954,,"0-3",211.4,,156.7,292.9,"million fish","official_table","DFO sGSL Cod Rebuilding Plan (2024), Figure 4 data table; source cited as DFO Science Advisory Report 2024/026","Median estimated abundance of fish younger than age 4 (not age-0 recruitment), with 95% confidence interval."
"dfo_cod_4t4vn_2024","recruitment",,,,,,1955,,"0-3",250.8,,180.3,338.9,"million fish","official_table","DFO sGSL Cod Rebuilding Plan (2024), Figure 4 data table; source cited as DFO Science Advisory Report 2024/026","Median estimated abundance of fish younger than age 4 (not age-0 recruitment), with 95% confidence interval."
"dfo_cod_4t4vn_2024","recruitment",,,,,,1956,,"0-3",315.1,,242.4,418,"million fish","official_table","DFO sGSL Cod Rebuilding Plan (2024), Figure 4 data table; source cited as DFO Science Advisory Report 2024/026","Median estimated abundance of fish younger than age 4 (not age-0 recruitment), with 95% confidence interval."
"dfo_cod_4t4vn_2024","recruitment",,,,,,1957,,"0-3",320,,245.1,467.2,"million fish","official_table","DFO sGSL Cod Rebuilding Plan (2024), Figure 4 data table; source cited as DFO Science Advisory Report 2024/026","Median estimated abundance of fish younger than age 4 (not age-0 recruitment), with 95% confidence interval."
"dfo_cod_4t4vn_2024","recruitment",,,,,,1958,,"0-3",334,,245.7,482.8,"million fish","official_table","DFO sGSL Cod Rebuilding Plan (2024), Figure 4 data table; source cited as DFO Science Advisory Report 2024/026","Median estimated abundance of fish younger than age 4 (not age-0 recruitment), with 95% confidence interval."
"dfo_cod_4t4vn_2024","recruitment",,,,,,1959,,"0-3",296.7,,219.4,390.4,"million fish","official_table","DFO sGSL Cod Rebuilding Plan (2024), Figure 4 data table; source cited as DFO Science Advisory Report 2024/026","Median estimated abundance of fish younger than age 4 (not age-0 recruitment), with 95% confidence interval."
"dfo_cod_4t4vn_2024","recruitment",,,,,,1960,,"0-3",85.1,,61.8,111.1,"million fish","official_table","DFO sGSL Cod Rebuilding Plan (2024), Figure 4 data table; source cited as DFO Science Advisory Report 2024/026","Median estimated abundance of fish younger than age 4 (not age-0 recruitment), with 95% confidence interval."
"dfo_cod_4t4vn_2024","recruitment",,,,,,1961,,"0-3",122.3,,91.2,177.8,"million fish","official_table","DFO sGSL Cod Rebuilding Plan (2024), Figure 4 data table; source cited as DFO Science Advisory Report 2024/026","Median estimated abundance of fish younger than age 4 (not age-0 recruitment), with 95% confidence interval."
"dfo_cod_4t4vn_2024","recruitment",,,,,,1962,,"0-3",124.5,,89.4,164.1,"million fish","official_table","DFO sGSL Cod Rebuilding Plan (2024), Figure 4 data table; source cited as DFO Science Advisory Report 2024/026","Median estimated abundance of fish younger than age 4 (not age-0 recruitment), with 95% confidence interval."
"dfo_cod_4t4vn_2024","recruitment",,,,,,1963,,"0-3",141.1,,103.7,185,"million fish","official_table","DFO sGSL Cod Rebuilding Plan (2024), Figure 4 data table; source cited as DFO Science Advisory Report 2024/026","Median estimated abundance of fish younger than age 4 (not age-0 recruitment), with 95% confidence interval."
"dfo_cod_4t4vn_2024","recruitment",,,,,,1964,,"0-3",149.5,,116.5,191,"million fish","official_table","DFO sGSL Cod Rebuilding Plan (2024), Figure 4 data table; source cited as DFO Science Advisory Report 2024/026","Median estimated abundance of fish younger than age 4 (not age-0 recruitment), with 95% confidence interval."
"dfo_cod_4t4vn_2024","recruitment",,,,,,1965,,"0-3",154.3,,125.1,204.2,"million fish","official_table","DFO sGSL Cod Rebuilding Plan (2024), Figure 4 data table; source cited as DFO Science Advisory Report 2024/026","Median estimated abundance of fish younger than age 4 (not age-0 recruitment), with 95% confidence interval."
"dfo_cod_4t4vn_2024","recruitment",,,,,,1966,,"0-3",213.6,,163.3,291.6,"million fish","official_table","DFO sGSL Cod Rebuilding Plan (2024), Figure 4 data table; source cited as DFO Science Advisory Report 2024/026","Median estimated abundance of fish younger than age 4 (not age-0 recruitment), with 95% confidence interval."
"dfo_cod_4t4vn_2024","recruitment",,,,,,1967,,"0-3",195.1,,161.7,246.3,"million fish","official_table","DFO sGSL Cod Rebuilding Plan (2024), Figure 4 data table; source cited as DFO Science Advisory Report 2024/026","Median estimated abundance of fish younger than age 4 (not age-0 recruitment), with 95% confidence interval."
"dfo_cod_4t4vn_2024","recruitment",,,,,,1968,,"0-3",176.6,,132.3,220.7,"million fish","official_table","DFO sGSL Cod Rebuilding Plan (2024), Figure 4 data table; source cited as DFO Science Advisory Report 2024/026","Median estimated abundance of fish younger than age 4 (not age-0 recruitment), with 95% confidence interval."
"dfo_cod_4t4vn_2024","recruitment",,,,,,1969,,"0-3",149.2,,125,187.4,"million fish","official_table","DFO sGSL Cod Rebuilding Plan (2024), Figure 4 data table; source cited as DFO Science Advisory Report 2024/026","Median estimated abundance of fish younger than age 4 (not age-0 recruitment), with 95% confidence interval."
"dfo_cod_4t4vn_2024","recruitment",,,,,,1970,,"0-3",152.4,,123.4,195.7,"million fish","official_table","DFO sGSL Cod Rebuilding Plan (2024), Figure 4 data table; source cited as DFO Science Advisory Report 2024/026","Median estimated abundance of fish younger than age 4 (not age-0 recruitment), with 95% confidence interval."
"dfo_cod_4t4vn_2024","recruitment",,,,,,1971,,"0-3",123.1,,100,169.5,"million fish","official_table","DFO sGSL Cod Rebuilding Plan (2024), Figure 4 data table; source cited as DFO Science Advisory Report 2024/026","Median estimated abundance of fish younger than age 4 (not age-0 recruitment), with 95% confidence interval."
"dfo_cod_4t4vn_2024","recruitment",,,,,,1972,,"0-3",154.3,,119.2,213,"million fish","official_table","DFO sGSL Cod Rebuilding Plan (2024), Figure 4 data table; source cited as DFO Science Advisory Report 2024/026","Median estimated abundance of fish younger than age 4 (not age-0 recruitment), with 95% confidence interval."
"dfo_cod_4t4vn_2024","recruitment",,,,,,1973,,"0-3",154.9,,119.5,222.9,"million fish","official_table","DFO sGSL Cod Rebuilding Plan (2024), Figure 4 data table; source cited as DFO Science Advisory Report 2024/026","Median estimated abundance of fish younger than age 4 (not age-0 recruitment), with 95% confidence interval."
"dfo_cod_4t4vn_2024","recruitment",,,,,,1974,,"0-3",170.6,,127.9,246.6,"million fish","official_table","DFO sGSL Cod Rebuilding Plan (2024), Figure 4 data table; source cited as DFO Science Advisory Report 2024/026","Median estimated abundance of fish younger than age 4 (not age-0 recruitment), with 95% confidence interval."
"dfo_cod_4t4vn_2024","recruitment",,,,,,1975,,"0-3",366.1,,256.5,487.5,"million fish","official_table","DFO sGSL Cod Rebuilding Plan (2024), Figure 4 data table; source cited as DFO Science Advisory Report 2024/026","Median estimated abundance of fish younger than age 4 (not age-0 recruitment), with 95% confidence interval."
"dfo_cod_4t4vn_2024","recruitment",,,,,,1976,,"0-3",444.5,,309.2,643.3,"million fish","official_table","DFO sGSL Cod Rebuilding Plan (2024), Figure 4 data table; source cited as DFO Science Advisory Report 2024/026","Median estimated abundance of fish younger than age 4 (not age-0 recruitment), with 95% confidence interval."
"dfo_cod_4t4vn_2024","recruitment",,,,,,1977,,"0-3",514.5,,386,751.8,"million fish","official_table","DFO sGSL Cod Rebuilding Plan (2024), Figure 4 data table; source cited as DFO Science Advisory Report 2024/026","Median estimated abundance of fish younger than age 4 (not age-0 recruitment), with 95% confidence interval."
"dfo_cod_4t4vn_2024","recruitment",,,,,,1978,,"0-3",388.3,,290.9,598.8,"million fish","official_table","DFO sGSL Cod Rebuilding Plan (2024), Figure 4 data table; source cited as DFO Science Advisory Report 2024/026","Median estimated abundance of fish younger than age 4 (not age-0 recruitment), with 95% confidence interval."
"dfo_cod_4t4vn_2024","recruitment",,,,,,1979,,"0-3",373.8,,267.9,590.6,"million fish","official_table","DFO sGSL Cod Rebuilding Plan (2024), Figure 4 data table; source cited as DFO Science Advisory Report 2024/026","Median estimated abundance of fish younger than age 4 (not age-0 recruitment), with 95% confidence interval."
"dfo_cod_4t4vn_2024","recruitment",,,,,,1980,,"0-3",290.7,,189.1,505.1,"million fish","official_table","DFO sGSL Cod Rebuilding Plan (2024), Figure 4 data table; source cited as DFO Science Advisory Report 2024/026","Median estimated abundance of fish younger than age 4 (not age-0 recruitment), with 95% confidence interval."
"dfo_cod_4t4vn_2024","recruitment",,,,,,1981,,"0-3",426.4,,312.4,699,"million fish","official_table","DFO sGSL Cod Rebuilding Plan (2024), Figure 4 data table; source cited as DFO Science Advisory Report 2024/026","Median estimated abundance of fish younger than age 4 (not age-0 recruitment), with 95% confidence interval."
"dfo_cod_4t4vn_2024","recruitment",,,,,,1982,,"0-3",467.7,,313.8,748,"million fish","official_table","DFO sGSL Cod Rebuilding Plan (2024), Figure 4 data table; source cited as DFO Science Advisory Report 2024/026","Median estimated abundance of fish younger than age 4 (not age-0 recruitment), with 95% confidence interval."
"dfo_cod_4t4vn_2024","recruitment",,,,,,1983,,"0-3",306.7,,211.1,543.4,"million fish","official_table","DFO sGSL Cod Rebuilding Plan (2024), Figure 4 data table; source cited as DFO Science Advisory Report 2024/026","Median estimated abundance of fish younger than age 4 (not age-0 recruitment), with 95% confidence interval."
"dfo_cod_4t4vn_2024","recruitment",,,,,,1984,,"0-3",313.9,,213.7,544.7,"million fish","official_table","DFO sGSL Cod Rebuilding Plan (2024), Figure 4 data table; source cited as DFO Science Advisory Report 2024/026","Median estimated abundance of fish younger than age 4 (not age-0 recruitment), with 95% confidence interval."
"dfo_cod_4t4vn_2024","recruitment",,,,,,1985,,"0-3",270.8,,200,497.1,"million fish","official_table","DFO sGSL Cod Rebuilding Plan (2024), Figure 4 data table; source cited as DFO Science Advisory Report 2024/026","Median estimated abundance of fish younger than age 4 (not age-0 recruitment), with 95% confidence interval."
"dfo_cod_4t4vn_2024","recruitment",,,,,,1986,,"0-3",255.1,,173.1,488.2,"million fish","official_table","DFO sGSL Cod Rebuilding Plan (2024), Figure 4 data table; source cited as DFO Science Advisory Report 2024/026","Median estimated abundance of fish younger than age 4 (not age-0 recruitment), with 95% confidence interval."
"dfo_cod_4t4vn_2024","recruitment",,,,,,1987,,"0-3",239,,167.6,439.5,"million fish","official_table","DFO sGSL Cod Rebuilding Plan (2024), Figure 4 data table; source cited as DFO Science Advisory Report 2024/026","Median estimated abundance of fish younger than age 4 (not age-0 recruitment), with 95% confidence interval."
"dfo_cod_4t4vn_2024","recruitment",,,,,,1988,,"0-3",242.1,,162.3,412,"million fish","official_table","DFO sGSL Cod Rebuilding Plan (2024), Figure 4 data table; source cited as DFO Science Advisory Report 2024/026","Median estimated abundance of fish younger than age 4 (not age-0 recruitment), with 95% confidence interval."
"dfo_cod_4t4vn_2024","recruitment",,,,,,1989,,"0-3",244.5,,172.4,442.7,"million fish","official_table","DFO sGSL Cod Rebuilding Plan (2024), Figure 4 data table; source cited as DFO Science Advisory Report 2024/026","Median estimated abundance of fish younger than age 4 (not age-0 recruitment), with 95% confidence interval."
"dfo_cod_4t4vn_2024","recruitment",,,,,,1990,,"0-3",219,,140.5,364.8,"million fish","official_table","DFO sGSL Cod Rebuilding Plan (2024), Figure 4 data table; source cited as DFO Science Advisory Report 2024/026","Median estimated abundance of fish younger than age 4 (not age-0 recruitment), with 95% confidence interval."
"dfo_cod_4t4vn_2024","recruitment",,,,,,1991,,"0-3",172.3,,119.8,267.5,"million fish","official_table","DFO sGSL Cod Rebuilding Plan (2024), Figure 4 data table; source cited as DFO Science Advisory Report 2024/026","Median estimated abundance of fish younger than age 4 (not age-0 recruitment), with 95% confidence interval."
"dfo_cod_4t4vn_2024","recruitment",,,,,,1992,,"0-3",160.3,,106.2,248.3,"million fish","official_table","DFO sGSL Cod Rebuilding Plan (2024), Figure 4 data table; source cited as DFO Science Advisory Report 2024/026","Median estimated abundance of fish younger than age 4 (not age-0 recruitment), with 95% confidence interval."
"dfo_cod_4t4vn_2024","recruitment",,,,,,1993,,"0-3",140.8,,101.3,247.3,"million fish","official_table","DFO sGSL Cod Rebuilding Plan (2024), Figure 4 data table; source cited as DFO Science Advisory Report 2024/026","Median estimated abundance of fish younger than age 4 (not age-0 recruitment), with 95% confidence interval."
"dfo_cod_4t4vn_2024","recruitment",,,,,,1994,,"0-3",156.9,,107.7,273.5,"million fish","official_table","DFO sGSL Cod Rebuilding Plan (2024), Figure 4 data table; source cited as DFO Science Advisory Report 2024/026","Median estimated abundance of fish younger than age 4 (not age-0 recruitment), with 95% confidence interval."
"dfo_cod_4t4vn_2024","recruitment",,,,,,1995,,"0-3",123.6,,87.6,221,"million fish","official_table","DFO sGSL Cod Rebuilding Plan (2024), Figure 4 data table; source cited as DFO Science Advisory Report 2024/026","Median estimated abundance of fish younger than age 4 (not age-0 recruitment), with 95% confidence interval."
"dfo_cod_4t4vn_2024","recruitment",,,,,,1996,,"0-3",164.7,,122.6,288.6,"million fish","official_table","DFO sGSL Cod Rebuilding Plan (2024), Figure 4 data table; source cited as DFO Science Advisory Report 2024/026","Median estimated abundance of fish younger than age 4 (not age-0 recruitment), with 95% confidence interval."
"dfo_cod_4t4vn_2024","recruitment",,,,,,1997,,"0-3",159.1,,119.7,249.8,"million fish","official_table","DFO sGSL Cod Rebuilding Plan (2024), Figure 4 data table; source cited as DFO Science Advisory Report 2024/026","Median estimated abundance of fish younger than age 4 (not age-0 recruitment), with 95% confidence interval."
"dfo_cod_4t4vn_2024","recruitment",,,,,,1998,,"0-3",140.3,,101.8,220.8,"million fish","official_table","DFO sGSL Cod Rebuilding Plan (2024), Figure 4 data table; source cited as DFO Science Advisory Report 2024/026","Median estimated abundance of fish younger than age 4 (not age-0 recruitment), with 95% confidence interval."
"dfo_cod_4t4vn_2024","recruitment",,,,,,1999,,"0-3",123.7,,85.3,181.4,"million fish","official_table","DFO sGSL Cod Rebuilding Plan (2024), Figure 4 data table; source cited as DFO Science Advisory Report 2024/026","Median estimated abundance of fish younger than age 4 (not age-0 recruitment), with 95% confidence interval."
"dfo_cod_4t4vn_2024","recruitment",,,,,,2000,,"0-3",88.8,,63.6,134.5,"million fish","official_table","DFO sGSL Cod Rebuilding Plan (2024), Figure 4 data table; source cited as DFO Science Advisory Report 2024/026","Median estimated abundance of fish younger than age 4 (not age-0 recruitment), with 95% confidence interval."
"dfo_cod_4t4vn_2024","recruitment",,,,,,2001,,"0-3",101.5,,70.2,152,"million fish","official_table","DFO sGSL Cod Rebuilding Plan (2024), Figure 4 data table; source cited as DFO Science Advisory Report 2024/026","Median estimated abundance of fish younger than age 4 (not age-0 recruitment), with 95% confidence interval."
"dfo_cod_4t4vn_2024","recruitment",,,,,,2002,,"0-3",99,,73.5,161.5,"million fish","official_table","DFO sGSL Cod Rebuilding Plan (2024), Figure 4 data table; source cited as DFO Science Advisory Report 2024/026","Median estimated abundance of fish younger than age 4 (not age-0 recruitment), with 95% confidence interval."
"dfo_cod_4t4vn_2024","recruitment",,,,,,2003,,"0-3",128.1,,91.2,208.7,"million fish","official_table","DFO sGSL Cod Rebuilding Plan (2024), Figure 4 data table; source cited as DFO Science Advisory Report 2024/026","Median estimated abundance of fish younger than age 4 (not age-0 recruitment), with 95% confidence interval."
"dfo_cod_4t4vn_2024","recruitment",,,,,,2004,,"0-3",70.8,,49.4,117.5,"million fish","official_table","DFO sGSL Cod Rebuilding Plan (2024), Figure 4 data table; source cited as DFO Science Advisory Report 2024/026","Median estimated abundance of fish younger than age 4 (not age-0 recruitment), with 95% confidence interval."
"dfo_cod_4t4vn_2024","recruitment",,,,,,2005,,"0-3",63.8,,46.2,115.4,"million fish","official_table","DFO sGSL Cod Rebuilding Plan (2024), Figure 4 data table; source cited as DFO Science Advisory Report 2024/026","Median estimated abundance of fish younger than age 4 (not age-0 recruitment), with 95% confidence interval."
"dfo_cod_4t4vn_2024","recruitment",,,,,,2006,,"0-3",40,,29.5,67.4,"million fish","official_table","DFO sGSL Cod Rebuilding Plan (2024), Figure 4 data table; source cited as DFO Science Advisory Report 2024/026","Median estimated abundance of fish younger than age 4 (not age-0 recruitment), with 95% confidence interval."
"dfo_cod_4t4vn_2024","recruitment",,,,,,2007,,"0-3",58.5,,42.7,95,"million fish","official_table","DFO sGSL Cod Rebuilding Plan (2024), Figure 4 data table; source cited as DFO Science Advisory Report 2024/026","Median estimated abundance of fish younger than age 4 (not age-0 recruitment), with 95% confidence interval."
"dfo_cod_4t4vn_2024","recruitment",,,,,,2008,,"0-3",52.5,,39.4,82.7,"million fish","official_table","DFO sGSL Cod Rebuilding Plan (2024), Figure 4 data table; source cited as DFO Science Advisory Report 2024/026","Median estimated abundance of fish younger than age 4 (not age-0 recruitment), with 95% confidence interval."
"dfo_cod_4t4vn_2024","recruitment",,,,,,2009,,"0-3",39.6,,29.5,62.2,"million fish","official_table","DFO sGSL Cod Rebuilding Plan (2024), Figure 4 data table; source cited as DFO Science Advisory Report 2024/026","Median estimated abundance of fish younger than age 4 (not age-0 recruitment), with 95% confidence interval."
"dfo_cod_4t4vn_2024","recruitment",,,,,,2010,,"0-3",56.2,,41.8,91.9,"million fish","official_table","DFO sGSL Cod Rebuilding Plan (2024), Figure 4 data table; source cited as DFO Science Advisory Report 2024/026","Median estimated abundance of fish younger than age 4 (not age-0 recruitment), with 95% confidence interval."
"dfo_cod_4t4vn_2024","recruitment",,,,,,2011,,"0-3",51.3,,38.3,78.8,"million fish","official_table","DFO sGSL Cod Rebuilding Plan (2024), Figure 4 data table; source cited as DFO Science Advisory Report 2024/026","Median estimated abundance of fish younger than age 4 (not age-0 recruitment), with 95% confidence interval."
"dfo_cod_4t4vn_2024","recruitment",,,,,,2012,,"0-3",51.7,,38.2,83.8,"million fish","official_table","DFO sGSL Cod Rebuilding Plan (2024), Figure 4 data table; source cited as DFO Science Advisory Report 2024/026","Median estimated abundance of fish younger than age 4 (not age-0 recruitment), with 95% confidence interval."
"dfo_cod_4t4vn_2024","recruitment",,,,,,2013,,"0-3",50.6,,36.7,80.4,"million fish","official_table","DFO sGSL Cod Rebuilding Plan (2024), Figure 4 data table; source cited as DFO Science Advisory Report 2024/026","Median estimated abundance of fish younger than age 4 (not age-0 recruitment), with 95% confidence interval."
"dfo_cod_4t4vn_2024","recruitment",,,,,,2014,,"0-3",34.5,,24.7,54,"million fish","official_table","DFO sGSL Cod Rebuilding Plan (2024), Figure 4 data table; source cited as DFO Science Advisory Report 2024/026","Median estimated abundance of fish younger than age 4 (not age-0 recruitment), with 95% confidence interval."
"dfo_cod_4t4vn_2024","recruitment",,,,,,2015,,"0-3",23.8,,16.6,38.3,"million fish","official_table","DFO sGSL Cod Rebuilding Plan (2024), Figure 4 data table; source cited as DFO Science Advisory Report 2024/026","Median estimated abundance of fish younger than age 4 (not age-0 recruitment), with 95% confidence interval."
"dfo_cod_4t4vn_2024","recruitment",,,,,,2016,,"0-3",18.4,,13.3,29.3,"million fish","official_table","DFO sGSL Cod Rebuilding Plan (2024), Figure 4 data table; source cited as DFO Science Advisory Report 2024/026","Median estimated abundance of fish younger than age 4 (not age-0 recruitment), with 95% confidence interval."
"dfo_cod_4t4vn_2024","recruitment",,,,,,2017,,"0-3",25.2,,17.4,36.6,"million fish","official_table","DFO sGSL Cod Rebuilding Plan (2024), Figure 4 data table; source cited as DFO Science Advisory Report 2024/026","Median estimated abundance of fish younger than age 4 (not age-0 recruitment), with 95% confidence interval."
"dfo_cod_4t4vn_2024","recruitment",,,,,,2018,,"0-3",29.4,,18.8,44.1,"million fish","official_table","DFO sGSL Cod Rebuilding Plan (2024), Figure 4 data table; source cited as DFO Science Advisory Report 2024/026","Median estimated abundance of fish younger than age 4 (not age-0 recruitment), with 95% confidence interval."
"dfo_cod_4t4vn_2024","recruitment",,,,,,2019,,"0-3",38.9,,25.8,60,"million fish","official_table","DFO sGSL Cod Rebuilding Plan (2024), Figure 4 data table; source cited as DFO Science Advisory Report 2024/026","Median estimated abundance of fish younger than age 4 (not age-0 recruitment), with 95% confidence interval."
"dfo_cod_4t4vn_2024","recruitment",,,,,,2020,,"0-3",36.9,,23.5,57.3,"million fish","official_table","DFO sGSL Cod Rebuilding Plan (2024), Figure 4 data table; source cited as DFO Science Advisory Report 2024/026","Median estimated abundance of fish younger than age 4 (not age-0 recruitment), with 95% confidence interval."
"dfo_cod_4t4vn_2024","recruitment",,,,,,2021,,"0-3",9.8,,6.2,16,"million fish","official_table","DFO sGSL Cod Rebuilding Plan (2024), Figure 4 data table; source cited as DFO Science Advisory Report 2024/026","Median estimated abundance of fish younger than age 4 (not age-0 recruitment), with 95% confidence interval."
"dfo_cod_4t4vn_2024","recruitment",,,,,,2022,,"0-3",15.9,,9.6,26.6,"million fish","official_table","DFO sGSL Cod Rebuilding Plan (2024), Figure 4 data table; source cited as DFO Science Advisory Report 2024/026","Median estimated abundance of fish younger than age 4 (not age-0 recruitment), with 95% confidence interval."
"dfo_cod_4t4vn_2024","recruitment",,,,,,2023,,"0-3",11.6,,6.9,25.6,"million fish","official_table","DFO sGSL Cod Rebuilding Plan (2024), Figure 4 data table; source cited as DFO Science Advisory Report 2024/026","Median estimated abundance of fish younger than age 4 (not age-0 recruitment), with 95% confidence interval."
"dfo_cod_4t4vn_2024","Fbar",,,,,,1950,,"5-8",0.094,,0.073,0.115,"yr-1","official_table","DFO sGSL Cod Rebuilding Plan (2024), Figure 3 data table; source cited as DFO Science Advisory Report 2024/026","Estimated instantaneous fishing mortality for ages 5-8, with 95% confidence interval."
"dfo_cod_4t4vn_2024","Mbar",,,,,,1950,,"5-8",0.178,,0.145,0.208,"yr-1","official_table","DFO sGSL Cod Rebuilding Plan (2024), Figure 3 data table; source cited as DFO Science Advisory Report 2024/026","Estimated instantaneous natural mortality for ages 5-8, with 95% confidence interval."
"dfo_cod_4t4vn_2024","Mbar",,,,,,1950,,"9+",0.346,,0.288,0.4,"yr-1","official_table","DFO sGSL Cod Rebuilding Plan (2024), Figure 3 data table; source cited as DFO Science Advisory Report 2024/026","Estimated instantaneous natural mortality for ages 9 and older, with 95% confidence interval."
"dfo_cod_4t4vn_2024","Fbar",,,,,,1951,,"5-8",0.067,,0.053,0.08,"yr-1","official_table","DFO sGSL Cod Rebuilding Plan (2024), Figure 3 data table; source cited as DFO Science Advisory Report 2024/026","Estimated instantaneous fishing mortality for ages 5-8, with 95% confidence interval."
"dfo_cod_4t4vn_2024","Mbar",,,,,,1951,,"5-8",0.178,,0.145,0.208,"yr-1","official_table","DFO sGSL Cod Rebuilding Plan (2024), Figure 3 data table; source cited as DFO Science Advisory Report 2024/026","Estimated instantaneous natural mortality for ages 5-8, with 95% confidence interval."
"dfo_cod_4t4vn_2024","Mbar",,,,,,1951,,"9+",0.346,,0.288,0.4,"yr-1","official_table","DFO sGSL Cod Rebuilding Plan (2024), Figure 3 data table; source cited as DFO Science Advisory Report 2024/026","Estimated instantaneous natural mortality for ages 9 and older, with 95% confidence interval."
"dfo_cod_4t4vn_2024","Fbar",,,,,,1952,,"5-8",0.086,,0.071,0.1,"yr-1","official_table","DFO sGSL Cod Rebuilding Plan (2024), Figure 3 data table; source cited as DFO Science Advisory Report 2024/026","Estimated instantaneous fishing mortality for ages 5-8, with 95% confidence interval."
"dfo_cod_4t4vn_2024","Mbar",,,,,,1952,,"5-8",0.178,,0.145,0.208,"yr-1","official_table","DFO sGSL Cod Rebuilding Plan (2024), Figure 3 data table; source cited as DFO Science Advisory Report 2024/026","Estimated instantaneous natural mortality for ages 5-8, with 95% confidence interval."
"dfo_cod_4t4vn_2024","Mbar",,,,,,1952,,"9+",0.346,,0.288,0.4,"yr-1","official_table","DFO sGSL Cod Rebuilding Plan (2024), Figure 3 data table; source cited as DFO Science Advisory Report 2024/026","Estimated instantaneous natural mortality for ages 9 and older, with 95% confidence interval."
"dfo_cod_4t4vn_2024","Fbar",,,,,,1953,,"5-8",0.125,,0.106,0.146,"yr-1","official_table","DFO sGSL Cod Rebuilding Plan (2024), Figure 3 data table; source cited as DFO Science Advisory Report 2024/026","Estimated instantaneous fishing mortality for ages 5-8, with 95% confidence interval."
"dfo_cod_4t4vn_2024","Mbar",,,,,,1953,,"5-8",0.178,,0.145,0.208,"yr-1","official_table","DFO sGSL Cod Rebuilding Plan (2024), Figure 3 data table; source cited as DFO Science Advisory Report 2024/026","Estimated instantaneous natural mortality for ages 5-8, with 95% confidence interval."
"dfo_cod_4t4vn_2024","Mbar",,,,,,1953,,"9+",0.346,,0.288,0.4,"yr-1","official_table","DFO sGSL Cod Rebuilding Plan (2024), Figure 3 data table; source cited as DFO Science Advisory Report 2024/026","Estimated instantaneous natural mortality for ages 9 and older, with 95% confidence interval."
"dfo_cod_4t4vn_2024","Fbar",,,,,,1954,,"5-8",0.177,,0.152,0.203,"yr-1","official_table","DFO sGSL Cod Rebuilding Plan (2024), Figure 3 data table; source cited as DFO Science Advisory Report 2024/026","Estimated instantaneous fishing mortality for ages 5-8, with 95% confidence interval."
"dfo_cod_4t4vn_2024","Mbar",,,,,,1954,,"5-8",0.178,,0.145,0.208,"yr-1","official_table","DFO sGSL Cod Rebuilding Plan (2024), Figure 3 data table; source cited as DFO Science Advisory Report 2024/026","Estimated instantaneous natural mortality for ages 5-8, with 95% confidence interval."
"dfo_cod_4t4vn_2024","Mbar",,,,,,1954,,"9+",0.346,,0.288,0.4,"yr-1","official_table","DFO sGSL Cod Rebuilding Plan (2024), Figure 3 data table; source cited as DFO Science Advisory Report 2024/026","Estimated instantaneous natural mortality for ages 9 and older, with 95% confidence interval."
"dfo_cod_4t4vn_2024","Fbar",,,,,,1955,,"5-8",0.146,,0.125,0.165,"yr-1","official_table","DFO sGSL Cod Rebuilding Plan (2024), Figure 3 data table; source cited as DFO Science Advisory Report 2024/026","Estimated instantaneous fishing mortality for ages 5-8, with 95% confidence interval."
"dfo_cod_4t4vn_2024","Mbar",,,,,,1955,,"5-8",0.178,,0.145,0.208,"yr-1","official_table","DFO sGSL Cod Rebuilding Plan (2024), Figure 3 data table; source cited as DFO Science Advisory Report 2024/026","Estimated instantaneous natural mortality for ages 5-8, with 95% confidence interval."
"dfo_cod_4t4vn_2024","Mbar",,,,,,1955,,"9+",0.346,,0.288,0.4,"yr-1","official_table","DFO sGSL Cod Rebuilding Plan (2024), Figure 3 data table; source cited as DFO Science Advisory Report 2024/026","Estimated instantaneous natural mortality for ages 9 and older, with 95% confidence interval."
"dfo_cod_4t4vn_2024","Fbar",,,,,,1956,,"5-8",0.208,,0.179,0.236,"yr-1","official_table","DFO sGSL Cod Rebuilding Plan (2024), Figure 3 data table; source cited as DFO Science Advisory Report 2024/026","Estimated instantaneous fishing mortality for ages 5-8, with 95% confidence interval."
"dfo_cod_4t4vn_2024","Mbar",,,,,,1956,,"5-8",0.178,,0.145,0.208,"yr-1","official_table","DFO sGSL Cod Rebuilding Plan (2024), Figure 3 data table; source cited as DFO Science Advisory Report 2024/026","Estimated instantaneous natural mortality for ages 5-8, with 95% confidence interval."
"dfo_cod_4t4vn_2024","Mbar",,,,,,1956,,"9+",0.346,,0.288,0.4,"yr-1","official_table","DFO sGSL Cod Rebuilding Plan (2024), Figure 3 data table; source cited as DFO Science Advisory Report 2024/026","Estimated instantaneous natural mortality for ages 9 and older, with 95% confidence interval."
"dfo_cod_4t4vn_2024","Fbar",,,,,,1957,,"5-8",0.203,,0.179,0.229,"yr-1","official_table","DFO sGSL Cod Rebuilding Plan (2024), Figure 3 data table; source cited as DFO Science Advisory Report 2024/026","Estimated instantaneous fishing mortality for ages 5-8, with 95% confidence interval."
"dfo_cod_4t4vn_2024","Mbar",,,,,,1957,,"5-8",0.178,,0.145,0.208,"yr-1","official_table","DFO sGSL Cod Rebuilding Plan (2024), Figure 3 data table; source cited as DFO Science Advisory Report 2024/026","Estimated instantaneous natural mortality for ages 5-8, with 95% confidence interval."
"dfo_cod_4t4vn_2024","Mbar",,,,,,1957,,"9+",0.346,,0.288,0.4,"yr-1","official_table","DFO sGSL Cod Rebuilding Plan (2024), Figure 3 data table; source cited as DFO Science Advisory Report 2024/026","Estimated instantaneous natural mortality for ages 9 and older, with 95% confidence interval."
"dfo_cod_4t4vn_2024","Fbar",,,,,,1958,,"5-8",0.307,,0.274,0.347,"yr-1","official_table","DFO sGSL Cod Rebuilding Plan (2024), Figure 3 data table; source cited as DFO Science Advisory Report 2024/026","Estimated instantaneous fishing mortality for ages 5-8, with 95% confidence interval."
"dfo_cod_4t4vn_2024","Mbar",,,,,,1958,,"5-8",0.178,,0.145,0.208,"yr-1","official_table","DFO sGSL Cod Rebuilding Plan (2024), Figure 3 data table; source cited as DFO Science Advisory Report 2024/026","Estimated instantaneous natural mortality for ages 5-8, with 95% confidence interval."
"dfo_cod_4t4vn_2024","Mbar",,,,,,1958,,"9+",0.346,,0.288,0.4,"yr-1","official_table","DFO sGSL Cod Rebuilding Plan (2024), Figure 3 data table; source cited as DFO Science Advisory Report 2024/026","Estimated instantaneous natural mortality for ages 9 and older, with 95% confidence interval."
"dfo_cod_4t4vn_2024","Fbar",,,,,,1959,,"5-8",0.357,,0.31,0.413,"yr-1","official_table","DFO sGSL Cod Rebuilding Plan (2024), Figure 3 data table; source cited as DFO Science Advisory Report 2024/026","Estimated instantaneous fishing mortality for ages 5-8, with 95% confidence interval."
"dfo_cod_4t4vn_2024","Mbar",,,,,,1959,,"5-8",0.178,,0.145,0.208,"yr-1","official_table","DFO sGSL Cod Rebuilding Plan (2024), Figure 3 data table; source cited as DFO Science Advisory Report 2024/026","Estimated instantaneous natural mortality for ages 5-8, with 95% confidence interval."
"dfo_cod_4t4vn_2024","Mbar",,,,,,1959,,"9+",0.346,,0.288,0.4,"yr-1","official_table","DFO sGSL Cod Rebuilding Plan (2024), Figure 3 data table; source cited as DFO Science Advisory Report 2024/026","Estimated instantaneous natural mortality for ages 9 and older, with 95% confidence interval."
"dfo_cod_4t4vn_2024","Fbar",,,,,,1960,,"5-8",0.213,,0.188,0.246,"yr-1","official_table","DFO sGSL Cod Rebuilding Plan (2024), Figure 3 data table; source cited as DFO Science Advisory Report 2024/026","Estimated instantaneous fishing mortality for ages 5-8, with 95% confidence interval."
"dfo_cod_4t4vn_2024","Mbar",,,,,,1960,,"5-8",0.178,,0.145,0.208,"yr-1","official_table","DFO sGSL Cod Rebuilding Plan (2024), Figure 3 data table; source cited as DFO Science Advisory Report 2024/026","Estimated instantaneous natural mortality for ages 5-8, with 95% confidence interval."
"dfo_cod_4t4vn_2024","Mbar",,,,,,1960,,"9+",0.346,,0.288,0.4,"yr-1","official_table","DFO sGSL Cod Rebuilding Plan (2024), Figure 3 data table; source cited as DFO Science Advisory Report 2024/026","Estimated instantaneous natural mortality for ages 9 and older, with 95% confidence interval."
"dfo_cod_4t4vn_2024","Fbar",,,,,,1961,,"5-8",0.204,,0.18,0.235,"yr-1","official_table","DFO sGSL Cod Rebuilding Plan (2024), Figure 3 data table; source cited as DFO Science Advisory Report 2024/026","Estimated instantaneous fishing mortality for ages 5-8, with 95% confidence interval."
"dfo_cod_4t4vn_2024","Mbar",,,,,,1961,,"5-8",0.178,,0.145,0.208,"yr-1","official_table","DFO sGSL Cod Rebuilding Plan (2024), Figure 3 data table; source cited as DFO Science Advisory Report 2024/026","Estimated instantaneous natural mortality for ages 5-8, with 95% confidence interval."
"dfo_cod_4t4vn_2024","Mbar",,,,,,1961,,"9+",0.346,,0.288,0.4,"yr-1","official_table","DFO sGSL Cod Rebuilding Plan (2024), Figure 3 data table; source cited as DFO Science Advisory Report 2024/026","Estimated instantaneous natural mortality for ages 9 and older, with 95% confidence interval."
"dfo_cod_4t4vn_2024","Fbar",,,,,,1962,,"5-8",0.151,,0.135,0.175,"yr-1","official_table","DFO sGSL Cod Rebuilding Plan (2024), Figure 3 data table; source cited as DFO Science Advisory Report 2024/026","Estimated instantaneous fishing mortality for ages 5-8, with 95% confidence interval."
"dfo_cod_4t4vn_2024","Mbar",,,,,,1962,,"5-8",0.178,,0.145,0.208,"yr-1","official_table","DFO sGSL Cod Rebuilding Plan (2024), Figure 3 data table; source cited as DFO Science Advisory Report 2024/026","Estimated instantaneous natural mortality for ages 5-8, with 95% confidence interval."
"dfo_cod_4t4vn_2024","Mbar",,,,,,1962,,"9+",0.346,,0.288,0.4,"yr-1","official_table","DFO sGSL Cod Rebuilding Plan (2024), Figure 3 data table; source cited as DFO Science Advisory Report 2024/026","Estimated instantaneous natural mortality for ages 9 and older, with 95% confidence interval."
"dfo_cod_4t4vn_2024","Fbar",,,,,,1963,,"5-8",0.285,,0.253,0.329,"yr-1","official_table","DFO sGSL Cod Rebuilding Plan (2024), Figure 3 data table; source cited as DFO Science Advisory Report 2024/026","Estimated instantaneous fishing mortality for ages 5-8, with 95% confidence interval."
"dfo_cod_4t4vn_2024","Mbar",,,,,,1963,,"5-8",0.178,,0.145,0.208,"yr-1","official_table","DFO sGSL Cod Rebuilding Plan (2024), Figure 3 data table; source cited as DFO Science Advisory Report 2024/026","Estimated instantaneous natural mortality for ages 5-8, with 95% confidence interval."
"dfo_cod_4t4vn_2024","Mbar",,,,,,1963,,"9+",0.346,,0.288,0.4,"yr-1","official_table","DFO sGSL Cod Rebuilding Plan (2024), Figure 3 data table; source cited as DFO Science Advisory Report 2024/026","Estimated instantaneous natural mortality for ages 9 and older, with 95% confidence interval."
"dfo_cod_4t4vn_2024","Fbar",,,,,,1964,,"5-8",0.288,,0.256,0.332,"yr-1","official_table","DFO sGSL Cod Rebuilding Plan (2024), Figure 3 data table; source cited as DFO Science Advisory Report 2024/026","Estimated instantaneous fishing mortality for ages 5-8, with 95% confidence interval."
"dfo_cod_4t4vn_2024","Mbar",,,,,,1964,,"5-8",0.178,,0.145,0.208,"yr-1","official_table","DFO sGSL Cod Rebuilding Plan (2024), Figure 3 data table; source cited as DFO Science Advisory Report 2024/026","Estimated instantaneous natural mortality for ages 5-8, with 95% confidence interval."
"dfo_cod_4t4vn_2024","Mbar",,,,,,1964,,"9+",0.346,,0.288,0.4,"yr-1","official_table","DFO sGSL Cod Rebuilding Plan (2024), Figure 3 data table; source cited as DFO Science Advisory Report 2024/026","Estimated instantaneous natural mortality for ages 9 and older, with 95% confidence interval."
"dfo_cod_4t4vn_2024","Fbar",,,,,,1965,,"5-8",0.416,,0.368,0.48,"yr-1","official_table","DFO sGSL Cod Rebuilding Plan (2024), Figure 3 data table; source cited as DFO Science Advisory Report 2024/026","Estimated instantaneous fishing mortality for ages 5-8, with 95% confidence interval."
"dfo_cod_4t4vn_2024","Mbar",,,,,,1965,,"5-8",0.178,,0.145,0.208,"yr-1","official_table","DFO sGSL Cod Rebuilding Plan (2024), Figure 3 data table; source cited as DFO Science Advisory Report 2024/026","Estimated instantaneous natural mortality for ages 5-8, with 95% confidence interval."
"dfo_cod_4t4vn_2024","Mbar",,,,,,1965,,"9+",0.346,,0.288,0.4,"yr-1","official_table","DFO sGSL Cod Rebuilding Plan (2024), Figure 3 data table; source cited as DFO Science Advisory Report 2024/026","Estimated instantaneous natural mortality for ages 9 and older, with 95% confidence interval."
"dfo_cod_4t4vn_2024","Fbar",,,,,,1966,,"5-8",0.36,,0.316,0.416,"yr-1","official_table","DFO sGSL Cod Rebuilding Plan (2024), Figure 3 data table; source cited as DFO Science Advisory Report 2024/026","Estimated instantaneous fishing mortality for ages 5-8, with 95% confidence interval."
"dfo_cod_4t4vn_2024","Mbar",,,,,,1966,,"5-8",0.178,,0.145,0.208,"yr-1","official_table","DFO sGSL Cod Rebuilding Plan (2024), Figure 3 data table; source cited as DFO Science Advisory Report 2024/026","Estimated instantaneous natural mortality for ages 5-8, with 95% confidence interval."
"dfo_cod_4t4vn_2024","Mbar",,,,,,1966,,"9+",0.346,,0.288,0.4,"yr-1","official_table","DFO sGSL Cod Rebuilding Plan (2024), Figure 3 data table; source cited as DFO Science Advisory Report 2024/026","Estimated instantaneous natural mortality for ages 9 and older, with 95% confidence interval."
"dfo_cod_4t4vn_2024","Fbar",,,,,,1967,,"5-8",0.286,,0.254,0.323,"yr-1","official_table","DFO sGSL Cod Rebuilding Plan (2024), Figure 3 data table; source cited as DFO Science Advisory Report 2024/026","Estimated instantaneous fishing mortality for ages 5-8, with 95% confidence interval."
"dfo_cod_4t4vn_2024","Mbar",,,,,,1967,,"5-8",0.178,,0.145,0.208,"yr-1","official_table","DFO sGSL Cod Rebuilding Plan (2024), Figure 3 data table; source cited as DFO Science Advisory Report 2024/026","Estimated instantaneous natural mortality for ages 5-8, with 95% confidence interval."
"dfo_cod_4t4vn_2024","Mbar",,,,,,1967,,"9+",0.346,,0.288,0.4,"yr-1","official_table","DFO sGSL Cod Rebuilding Plan (2024), Figure 3 data table; source cited as DFO Science Advisory Report 2024/026","Estimated instantaneous natural mortality for ages 9 and older, with 95% confidence interval."
"dfo_cod_4t4vn_2024","Fbar",,,,,,1968,,"5-8",0.313,,0.283,0.352,"yr-1","official_table","DFO sGSL Cod Rebuilding Plan (2024), Figure 3 data table; source cited as DFO Science Advisory Report 2024/026","Estimated instantaneous fishing mortality for ages 5-8, with 95% confidence interval."
"dfo_cod_4t4vn_2024","Mbar",,,,,,1968,,"5-8",0.178,,0.145,0.208,"yr-1","official_table","DFO sGSL Cod Rebuilding Plan (2024), Figure 3 data table; source cited as DFO Science Advisory Report 2024/026","Estimated instantaneous natural mortality for ages 5-8, with 95% confidence interval."
"dfo_cod_4t4vn_2024","Mbar",,,,,,1968,,"9+",0.346,,0.288,0.4,"yr-1","official_table","DFO sGSL Cod Rebuilding Plan (2024), Figure 3 data table; source cited as DFO Science Advisory Report 2024/026","Estimated instantaneous natural mortality for ages 9 and older, with 95% confidence interval."
"dfo_cod_4t4vn_2024","Fbar",,,,,,1969,,"5-8",0.27,,0.246,0.296,"yr-1","official_table","DFO sGSL Cod Rebuilding Plan (2024), Figure 3 data table; source cited as DFO Science Advisory Report 2024/026","Estimated instantaneous fishing mortality for ages 5-8, with 95% confidence interval."
"dfo_cod_4t4vn_2024","Mbar",,,,,,1969,,"5-8",0.178,,0.145,0.208,"yr-1","official_table","DFO sGSL Cod Rebuilding Plan (2024), Figure 3 data table; source cited as DFO Science Advisory Report 2024/026","Estimated instantaneous natural mortality for ages 5-8, with 95% confidence interval."
"dfo_cod_4t4vn_2024","Mbar",,,,,,1969,,"9+",0.346,,0.288,0.4,"yr-1","official_table","DFO sGSL Cod Rebuilding Plan (2024), Figure 3 data table; source cited as DFO Science Advisory Report 2024/026","Estimated instantaneous natural mortality for ages 9 and older, with 95% confidence interval."
"dfo_cod_4t4vn_2024","Fbar",,,,,,1970,,"5-8",0.403,,0.368,0.438,"yr-1","official_table","DFO sGSL Cod Rebuilding Plan (2024), Figure 3 data table; source cited as DFO Science Advisory Report 2024/026","Estimated instantaneous fishing mortality for ages 5-8, with 95% confidence interval."
"dfo_cod_4t4vn_2024","Mbar",,,,,,1970,,"5-8",0.178,,0.145,0.208,"yr-1","official_table","DFO sGSL Cod Rebuilding Plan (2024), Figure 3 data table; source cited as DFO Science Advisory Report 2024/026","Estimated instantaneous natural mortality for ages 5-8, with 95% confidence interval."
"dfo_cod_4t4vn_2024","Mbar",,,,,,1970,,"9+",0.346,,0.288,0.4,"yr-1","official_table","DFO sGSL Cod Rebuilding Plan (2024), Figure 3 data table; source cited as DFO Science Advisory Report 2024/026","Estimated instantaneous natural mortality for ages 9 and older, with 95% confidence interval."
"dfo_cod_4t4vn_2024","Fbar",,,,,,1971,,"5-8",0.34,,0.308,0.368,"yr-1","official_table","DFO sGSL Cod Rebuilding Plan (2024), Figure 3 data table; source cited as DFO Science Advisory Report 2024/026","Estimated instantaneous fishing mortality for ages 5-8, with 95% confidence interval."
"dfo_cod_4t4vn_2024","Mbar",,,,,,1971,,"5-8",0.178,,0.145,0.208,"yr-1","official_table","DFO sGSL Cod Rebuilding Plan (2024), Figure 3 data table; source cited as DFO Science Advisory Report 2024/026","Estimated instantaneous natural mortality for ages 5-8, with 95% confidence interval."
"dfo_cod_4t4vn_2024","Mbar",,,,,,1971,,"9+",0.346,,0.288,0.4,"yr-1","official_table","DFO sGSL Cod Rebuilding Plan (2024), Figure 3 data table; source cited as DFO Science Advisory Report 2024/026","Estimated instantaneous natural mortality for ages 9 and older, with 95% confidence interval."
"dfo_cod_4t4vn_2024","Fbar",,,,,,1972,,"5-8",0.502,,0.451,0.545,"yr-1","official_table","DFO sGSL Cod Rebuilding Plan (2024), Figure 3 data table; source cited as DFO Science Advisory Report 2024/026","Estimated instantaneous fishing mortality for ages 5-8, with 95% confidence interval."
"dfo_cod_4t4vn_2024","Mbar",,,,,,1972,,"5-8",0.182,,0.147,0.236,"yr-1","official_table","DFO sGSL Cod Rebuilding Plan (2024), Figure 3 data table; source cited as DFO Science Advisory Report 2024/026","Estimated instantaneous natural mortality for ages 5-8, with 95% confidence interval."
"dfo_cod_4t4vn_2024","Mbar",,,,,,1972,,"9+",0.337,,0.276,0.418,"yr-1","official_table","DFO sGSL Cod Rebuilding Plan (2024), Figure 3 data table; source cited as DFO Science Advisory Report 2024/026","Estimated instantaneous natural mortality for ages 9 and older, with 95% confidence interval."
"dfo_cod_4t4vn_2024","Fbar",,,,,,1973,,"5-8",0.476,,0.423,0.518,"yr-1","official_table","DFO sGSL Cod Rebuilding Plan (2024), Figure 3 data table; source cited as DFO Science Advisory Report 2024/026","Estimated instantaneous fishing mortality for ages 5-8, with 95% confidence interval."
"dfo_cod_4t4vn_2024","Mbar",,,,,,1973,,"5-8",0.188,,0.156,0.235,"yr-1","official_table","DFO sGSL Cod Rebuilding Plan (2024), Figure 3 data table; source cited as DFO Science Advisory Report 2024/026","Estimated instantaneous natural mortality for ages 5-8, with 95% confidence interval."
"dfo_cod_4t4vn_2024","Mbar",,,,,,1973,,"9+",0.33,,0.274,0.402,"yr-1","official_table","DFO sGSL Cod Rebuilding Plan (2024), Figure 3 data table; source cited as DFO Science Advisory Report 2024/026","Estimated instantaneous natural mortality for ages 9 and older, with 95% confidence interval."
"dfo_cod_4t4vn_2024","Fbar",,,,,,1974,,"5-8",0.514,,0.446,0.565,"yr-1","official_table","DFO sGSL Cod Rebuilding Plan (2024), Figure 3 data table; source cited as DFO Science Advisory Report 2024/026","Estimated instantaneous fishing mortality for ages 5-8, with 95% confidence interval."
"dfo_cod_4t4vn_2024","Mbar",,,,,,1974,,"5-8",0.201,,0.163,0.253,"yr-1","official_table","DFO sGSL Cod Rebuilding Plan (2024), Figure 3 data table; source cited as DFO Science Advisory Report 2024/026","Estimated instantaneous natural mortality for ages 5-8, with 95% confidence interval."
"dfo_cod_4t4vn_2024","Mbar",,,,,,1974,,"9+",0.325,,0.266,0.418,"yr-1","official_table","DFO sGSL Cod Rebuilding Plan (2024), Figure 3 data table; source cited as DFO Science Advisory Report 2024/026","Estimated instantaneous natural mortality for ages 9 and older, with 95% confidence interval."
"dfo_cod_4t4vn_2024","Fbar",,,,,,1975,,"5-8",0.444,,0.379,0.493,"yr-1","official_table","DFO sGSL Cod Rebuilding Plan (2024), Figure 3 data table; source cited as DFO Science Advisory Report 2024/026","Estimated instantaneous fishing mortality for ages 5-8, with 95% confidence interval."
"dfo_cod_4t4vn_2024","Mbar",,,,,,1975,,"5-8",0.219,,0.176,0.294,"yr-1","official_table","DFO sGSL Cod Rebuilding Plan (2024), Figure 3 data table; source cited as DFO Science Advisory Report 2024/026","Estimated instantaneous natural mortality for ages 5-8, with 95% confidence interval."
"dfo_cod_4t4vn_2024","Mbar",,,,,,1975,,"9+",0.322,,0.259,0.433,"yr-1","official_table","DFO sGSL Cod Rebuilding Plan (2024), Figure 3 data table; source cited as DFO Science Advisory Report 2024/026","Estimated instantaneous natural mortality for ages 9 and older, with 95% confidence interval."
"dfo_cod_4t4vn_2024","Fbar",,,,,,1976,,"5-8",0.413,,0.335,0.467,"yr-1","official_table","DFO sGSL Cod Rebuilding Plan (2024), Figure 3 data table; source cited as DFO Science Advisory Report 2024/026","Estimated instantaneous fishing mortality for ages 5-8, with 95% confidence interval."
"dfo_cod_4t4vn_2024","Mbar",,,,,,1976,,"5-8",0.238,,0.195,0.326,"yr-1","official_table","DFO sGSL Cod Rebuilding Plan (2024), Figure 3 data table; source cited as DFO Science Advisory Report 2024/026","Estimated instantaneous natural mortality for ages 5-8, with 95% confidence interval."
"dfo_cod_4t4vn_2024","Mbar",,,,,,1976,,"9+",0.32,,0.257,0.416,"yr-1","official_table","DFO sGSL Cod Rebuilding Plan (2024), Figure 3 data table; source cited as DFO Science Advisory Report 2024/026","Estimated instantaneous natural mortality for ages 9 and older, with 95% confidence interval."
"dfo_cod_4t4vn_2024","Fbar",,,,,,1977,,"5-8",0.218,,0.178,0.258,"yr-1","official_table","DFO sGSL Cod Rebuilding Plan (2024), Figure 3 data table; source cited as DFO Science Advisory Report 2024/026","Estimated instantaneous fishing mortality for ages 5-8, with 95% confidence interval."
"dfo_cod_4t4vn_2024","Mbar",,,,,,1977,,"5-8",0.251,,0.206,0.346,"yr-1","official_table","DFO sGSL Cod Rebuilding Plan (2024), Figure 3 data table; source cited as DFO Science Advisory Report 2024/026","Estimated instantaneous natural mortality for ages 5-8, with 95% confidence interval."
"dfo_cod_4t4vn_2024","Mbar",,,,,,1977,,"9+",0.331,,0.257,0.421,"yr-1","official_table","DFO sGSL Cod Rebuilding Plan (2024), Figure 3 data table; source cited as DFO Science Advisory Report 2024/026","Estimated instantaneous natural mortality for ages 9 and older, with 95% confidence interval."
"dfo_cod_4t4vn_2024","Fbar",,,,,,1978,,"5-8",0.215,,0.171,0.25,"yr-1","official_table","DFO sGSL Cod Rebuilding Plan (2024), Figure 3 data table; source cited as DFO Science Advisory Report 2024/026","Estimated instantaneous fishing mortality for ages 5-8, with 95% confidence interval."
"dfo_cod_4t4vn_2024","Mbar",,,,,,1978,,"5-8",0.264,,0.202,0.348,"yr-1","official_table","DFO sGSL Cod Rebuilding Plan (2024), Figure 3 data table; source cited as DFO Science Advisory Report 2024/026","Estimated instantaneous natural mortality for ages 5-8, with 95% confidence interval."
"dfo_cod_4t4vn_2024","Mbar",,,,,,1978,,"9+",0.352,,0.272,0.439,"yr-1","official_table","DFO sGSL Cod Rebuilding Plan (2024), Figure 3 data table; source cited as DFO Science Advisory Report 2024/026","Estimated instantaneous natural mortality for ages 9 and older, with 95% confidence interval."
"dfo_cod_4t4vn_2024","Fbar",,,,,,1979,,"5-8",0.226,,0.172,0.265,"yr-1","official_table","DFO sGSL Cod Rebuilding Plan (2024), Figure 3 data table; source cited as DFO Science Advisory Report 2024/026","Estimated instantaneous fishing mortality for ages 5-8, with 95% confidence interval."
"dfo_cod_4t4vn_2024","Mbar",,,,,,1979,,"5-8",0.272,,0.202,0.345,"yr-1","official_table","DFO sGSL Cod Rebuilding Plan (2024), Figure 3 data table; source cited as DFO Science Advisory Report 2024/026","Estimated instantaneous natural mortality for ages 5-8, with 95% confidence interval."
"dfo_cod_4t4vn_2024","Mbar",,,,,,1979,,"9+",0.384,,0.286,0.473,"yr-1","official_table","DFO sGSL Cod Rebuilding Plan (2024), Figure 3 data table; source cited as DFO Science Advisory Report 2024/026","Estimated instantaneous natural mortality for ages 9 and older, with 95% confidence interval."
"dfo_cod_4t4vn_2024","Fbar",,,,,,1980,,"5-8",0.194,,0.146,0.226,"yr-1","official_table","DFO sGSL Cod Rebuilding Plan (2024), Figure 3 data table; source cited as DFO Science Advisory Report 2024/026","Estimated instantaneous fishing mortality for ages 5-8, with 95% confidence interval."
"dfo_cod_4t4vn_2024","Mbar",,,,,,1980,,"5-8",0.273,,0.216,0.351,"yr-1","official_table","DFO sGSL Cod Rebuilding Plan (2024), Figure 3 data table; source cited as DFO Science Advisory Report 2024/026","Estimated instantaneous natural mortality for ages 5-8, with 95% confidence interval."
"dfo_cod_4t4vn_2024","Mbar",,,,,,1980,,"9+",0.411,,0.329,0.498,"yr-1","official_table","DFO sGSL Cod Rebuilding Plan (2024), Figure 3 data table; source cited as DFO Science Advisory Report 2024/026","Estimated instantaneous natural mortality for ages 9 and older, with 95% confidence interval."
"dfo_cod_4t4vn_2024","Fbar",,,,,,1981,,"5-8",0.227,,0.172,0.269,"yr-1","official_table","DFO sGSL Cod Rebuilding Plan (2024), Figure 3 data table; source cited as DFO Science Advisory Report 2024/026","Estimated instantaneous fishing mortality for ages 5-8, with 95% confidence interval."
"dfo_cod_4t4vn_2024","Mbar",,,,,,1981,,"5-8",0.283,,0.224,0.363,"yr-1","official_table","DFO sGSL Cod Rebuilding Plan (2024), Figure 3 data table; source cited as DFO Science Advisory Report 2024/026","Estimated instantaneous natural mortality for ages 5-8, with 95% confidence interval."
"dfo_cod_4t4vn_2024","Mbar",,,,,,1981,,"9+",0.429,,0.365,0.531,"yr-1","official_table","DFO sGSL Cod Rebuilding Plan (2024), Figure 3 data table; source cited as DFO Science Advisory Report 2024/026","Estimated instantaneous natural mortality for ages 9 and older, with 95% confidence interval."
"dfo_cod_4t4vn_2024","Fbar",,,,,,1982,,"5-8",0.19,,0.145,0.228,"yr-1","official_table","DFO sGSL Cod Rebuilding Plan (2024), Figure 3 data table; source cited as DFO Science Advisory Report 2024/026","Estimated instantaneous fishing mortality for ages 5-8, with 95% confidence interval."
"dfo_cod_4t4vn_2024","Mbar",,,,,,1982,,"5-8",0.293,,0.241,0.375,"yr-1","official_table","DFO sGSL Cod Rebuilding Plan (2024), Figure 3 data table; source cited as DFO Science Advisory Report 2024/026","Estimated instantaneous natural mortality for ages 5-8, with 95% confidence interval."
"dfo_cod_4t4vn_2024","Mbar",,,,,,1982,,"9+",0.443,,0.366,0.558,"yr-1","official_table","DFO sGSL Cod Rebuilding Plan (2024), Figure 3 data table; source cited as DFO Science Advisory Report 2024/026","Estimated instantaneous natural mortality for ages 9 and older, with 95% confidence interval."
"dfo_cod_4t4vn_2024","Fbar",,,,,,1983,,"5-8",0.221,,0.169,0.269,"yr-1","official_table","DFO sGSL Cod Rebuilding Plan (2024), Figure 3 data table; source cited as DFO Science Advisory Report 2024/026","Estimated instantaneous fishing mortality for ages 5-8, with 95% confidence interval."
"dfo_cod_4t4vn_2024","Mbar",,,,,,1983,,"5-8",0.292,,0.243,0.38,"yr-1","official_table","DFO sGSL Cod Rebuilding Plan (2024), Figure 3 data table; source cited as DFO Science Advisory Report 2024/026","Estimated instantaneous natural mortality for ages 5-8, with 95% confidence interval."
"dfo_cod_4t4vn_2024","Mbar",,,,,,1983,,"9+",0.472,,0.404,0.581,"yr-1","official_table","DFO sGSL Cod Rebuilding Plan (2024), Figure 3 data table; source cited as DFO Science Advisory Report 2024/026","Estimated instantaneous natural mortality for ages 9 and older, with 95% confidence interval."
"dfo_cod_4t4vn_2024","Fbar",,,,,,1984,,"5-8",0.175,,0.134,0.215,"yr-1","official_table","DFO sGSL Cod Rebuilding Plan (2024), Figure 3 data table; source cited as DFO Science Advisory Report 2024/026","Estimated instantaneous fishing mortality for ages 5-8, with 95% confidence interval."
"dfo_cod_4t4vn_2024","Mbar",,,,,,1984,,"5-8",0.293,,0.242,0.367,"yr-1","official_table","DFO sGSL Cod Rebuilding Plan (2024), Figure 3 data table; source cited as DFO Science Advisory Report 2024/026","Estimated instantaneous natural mortality for ages 5-8, with 95% confidence interval."
"dfo_cod_4t4vn_2024","Mbar",,,,,,1984,,"9+",0.529,,0.409,0.644,"yr-1","official_table","DFO sGSL Cod Rebuilding Plan (2024), Figure 3 data table; source cited as DFO Science Advisory Report 2024/026","Estimated instantaneous natural mortality for ages 9 and older, with 95% confidence interval."
"dfo_cod_4t4vn_2024","Fbar",,,,,,1985,,"5-8",0.189,,0.143,0.231,"yr-1","official_table","DFO sGSL Cod Rebuilding Plan (2024), Figure 3 data table; source cited as DFO Science Advisory Report 2024/026","Estimated instantaneous fishing mortality for ages 5-8, with 95% confidence interval."
"dfo_cod_4t4vn_2024","Mbar",,,,,,1985,,"5-8",0.288,,0.227,0.362,"yr-1","official_table","DFO sGSL Cod Rebuilding Plan (2024), Figure 3 data table; source cited as DFO Science Advisory Report 2024/026","Estimated instantaneous natural mortality for ages 5-8, with 95% confidence interval."
"dfo_cod_4t4vn_2024","Mbar",,,,,,1985,,"9+",0.555,,0.439,0.693,"yr-1","official_table","DFO sGSL Cod Rebuilding Plan (2024), Figure 3 data table; source cited as DFO Science Advisory Report 2024/026","Estimated instantaneous natural mortality for ages 9 and older, with 95% confidence interval."
"dfo_cod_4t4vn_2024","Fbar",,,,,,1986,,"5-8",0.22,,0.165,0.261,"yr-1","official_table","DFO sGSL Cod Rebuilding Plan (2024), Figure 3 data table; source cited as DFO Science Advisory Report 2024/026","Estimated instantaneous fishing mortality for ages 5-8, with 95% confidence interval."
"dfo_cod_4t4vn_2024","Mbar",,,,,,1986,,"5-8",0.291,,0.241,0.362,"yr-1","official_table","DFO sGSL Cod Rebuilding Plan (2024), Figure 3 data table; source cited as DFO Science Advisory Report 2024/026","Estimated instantaneous natural mortality for ages 5-8, with 95% confidence interval."
"dfo_cod_4t4vn_2024","Mbar",,,,,,1986,,"9+",0.549,,0.458,0.699,"yr-1","official_table","DFO sGSL Cod Rebuilding Plan (2024), Figure 3 data table; source cited as DFO Science Advisory Report 2024/026","Estimated instantaneous natural mortality for ages 9 and older, with 95% confidence interval."
"dfo_cod_4t4vn_2024","Fbar",,,,,,1987,,"5-8",0.222,,0.169,0.265,"yr-1","official_table","DFO sGSL Cod Rebuilding Plan (2024), Figure 3 data table; source cited as DFO Science Advisory Report 2024/026","Estimated instantaneous fishing mortality for ages 5-8, with 95% confidence interval."
"dfo_cod_4t4vn_2024","Mbar",,,,,,1987,,"5-8",0.303,,0.246,0.396,"yr-1","official_table","DFO sGSL Cod Rebuilding Plan (2024), Figure 3 data table; source cited as DFO Science Advisory Report 2024/026","Estimated instantaneous natural mortality for ages 5-8, with 95% confidence interval."
"dfo_cod_4t4vn_2024","Mbar",,,,,,1987,,"9+",0.571,,0.475,0.702,"yr-1","official_table","DFO sGSL Cod Rebuilding Plan (2024), Figure 3 data table; source cited as DFO Science Advisory Report 2024/026","Estimated instantaneous natural mortality for ages 9 and older, with 95% confidence interval."
"dfo_cod_4t4vn_2024","Fbar",,,,,,1988,,"5-8",0.263,,0.202,0.302,"yr-1","official_table","DFO sGSL Cod Rebuilding Plan (2024), Figure 3 data table; source cited as DFO Science Advisory Report 2024/026","Estimated instantaneous fishing mortality for ages 5-8, with 95% confidence interval."
"dfo_cod_4t4vn_2024","Mbar",,,,,,1988,,"5-8",0.325,,0.258,0.423,"yr-1","official_table","DFO sGSL Cod Rebuilding Plan (2024), Figure 3 data table; source cited as DFO Science Advisory Report 2024/026","Estimated instantaneous natural mortality for ages 5-8, with 95% confidence interval."
"dfo_cod_4t4vn_2024","Mbar",,,,,,1988,,"9+",0.576,,0.494,0.722,"yr-1","official_table","DFO sGSL Cod Rebuilding Plan (2024), Figure 3 data table; source cited as DFO Science Advisory Report 2024/026","Estimated instantaneous natural mortality for ages 9 and older, with 95% confidence interval."
"dfo_cod_4t4vn_2024","Fbar",,,,,,1989,,"5-8",0.338,,0.263,0.397,"yr-1","official_table","DFO sGSL Cod Rebuilding Plan (2024), Figure 3 data table; source cited as DFO Science Advisory Report 2024/026","Estimated instantaneous fishing mortality for ages 5-8, with 95% confidence interval."
"dfo_cod_4t4vn_2024","Mbar",,,,,,1989,,"5-8",0.334,,0.265,0.436,"yr-1","official_table","DFO sGSL Cod Rebuilding Plan (2024), Figure 3 data table; source cited as DFO Science Advisory Report 2024/026","Estimated instantaneous natural mortality for ages 5-8, with 95% confidence interval."
"dfo_cod_4t4vn_2024","Mbar",,,,,,1989,,"9+",0.616,,0.508,0.766,"yr-1","official_table","DFO sGSL Cod Rebuilding Plan (2024), Figure 3 data table; source cited as DFO Science Advisory Report 2024/026","Estimated instantaneous natural mortality for ages 9 and older, with 95% confidence interval."
"dfo_cod_4t4vn_2024","Fbar",,,,,,1990,,"5-8",0.402,,0.313,0.468,"yr-1","official_table","DFO sGSL Cod Rebuilding Plan (2024), Figure 3 data table; source cited as DFO Science Advisory Report 2024/026","Estimated instantaneous fishing mortality for ages 5-8, with 95% confidence interval."
"dfo_cod_4t4vn_2024","Mbar",,,,,,1990,,"5-8",0.351,,0.294,0.471,"yr-1","official_table","DFO sGSL Cod Rebuilding Plan (2024), Figure 3 data table; source cited as DFO Science Advisory Report 2024/026","Estimated instantaneous natural mortality for ages 5-8, with 95% confidence interval."
"dfo_cod_4t4vn_2024","Mbar",,,,,,1990,,"9+",0.622,,0.509,0.779,"yr-1","official_table","DFO sGSL Cod Rebuilding Plan (2024), Figure 3 data table; source cited as DFO Science Advisory Report 2024/026","Estimated instantaneous natural mortality for ages 9 and older, with 95% confidence interval."
"dfo_cod_4t4vn_2024","Fbar",,,,,,1991,,"5-8",0.423,,0.326,0.51,"yr-1","official_table","DFO sGSL Cod Rebuilding Plan (2024), Figure 3 data table; source cited as DFO Science Advisory Report 2024/026","Estimated instantaneous fishing mortality for ages 5-8, with 95% confidence interval."
"dfo_cod_4t4vn_2024","Mbar",,,,,,1991,,"5-8",0.374,,0.292,0.471,"yr-1","official_table","DFO sGSL Cod Rebuilding Plan (2024), Figure 3 data table; source cited as DFO Science Advisory Report 2024/026","Estimated instantaneous natural mortality for ages 5-8, with 95% confidence interval."
"dfo_cod_4t4vn_2024","Mbar",,,,,,1991,,"9+",0.655,,0.524,0.79,"yr-1","official_table","DFO sGSL Cod Rebuilding Plan (2024), Figure 3 data table; source cited as DFO Science Advisory Report 2024/026","Estimated instantaneous natural mortality for ages 9 and older, with 95% confidence interval."
"dfo_cod_4t4vn_2024","Fbar",,,,,,1992,,"5-8",0.419,,0.298,0.528,"yr-1","official_table","DFO sGSL Cod Rebuilding Plan (2024), Figure 3 data table; source cited as DFO Science Advisory Report 2024/026","Estimated instantaneous fishing mortality for ages 5-8, with 95% confidence interval."
"dfo_cod_4t4vn_2024","Mbar",,,,,,1992,,"5-8",0.406,,0.326,0.507,"yr-1","official_table","DFO sGSL Cod Rebuilding Plan (2024), Figure 3 data table; source cited as DFO Science Advisory Report 2024/026","Estimated instantaneous natural mortality for ages 5-8, with 95% confidence interval."
"dfo_cod_4t4vn_2024","Mbar",,,,,,1992,,"9+",0.676,,0.549,0.815,"yr-1","official_table","DFO sGSL Cod Rebuilding Plan (2024), Figure 3 data table; source cited as DFO Science Advisory Report 2024/026","Estimated instantaneous natural mortality for ages 9 and older, with 95% confidence interval."
"dfo_cod_4t4vn_2024","Fbar",,,,,,1993,,"5-8",0.053,,0.037,0.068,"yr-1","official_table","DFO sGSL Cod Rebuilding Plan (2024), Figure 3 data table; source cited as DFO Science Advisory Report 2024/026","Estimated instantaneous fishing mortality for ages 5-8, with 95% confidence interval."
"dfo_cod_4t4vn_2024","Mbar",,,,,,1993,,"5-8",0.437,,0.357,0.521,"yr-1","official_table","DFO sGSL Cod Rebuilding Plan (2024), Figure 3 data table; source cited as DFO Science Advisory Report 2024/026","Estimated instantaneous natural mortality for ages 5-8, with 95% confidence interval."
"dfo_cod_4t4vn_2024","Mbar",,,,,,1993,,"9+",0.659,,0.539,0.789,"yr-1","official_table","DFO sGSL Cod Rebuilding Plan (2024), Figure 3 data table; source cited as DFO Science Advisory Report 2024/026","Estimated instantaneous natural mortality for ages 9 and older, with 95% confidence interval."
"dfo_cod_4t4vn_2024","Fbar",,,,,,1994,,"5-8",0.009,,0.006,0.011,"yr-1","official_table","DFO sGSL Cod Rebuilding Plan (2024), Figure 3 data table; source cited as DFO Science Advisory Report 2024/026","Estimated instantaneous fishing mortality for ages 5-8, with 95% confidence interval."
"dfo_cod_4t4vn_2024","Mbar",,,,,,1994,,"5-8",0.441,,0.373,0.513,"yr-1","official_table","DFO sGSL Cod Rebuilding Plan (2024), Figure 3 data table; source cited as DFO Science Advisory Report 2024/026","Estimated instantaneous natural mortality for ages 5-8, with 95% confidence interval."
"dfo_cod_4t4vn_2024","Mbar",,,,,,1994,,"9+",0.625,,0.544,0.74,"yr-1","official_table","DFO sGSL Cod Rebuilding Plan (2024), Figure 3 data table; source cited as DFO Science Advisory Report 2024/026","Estimated instantaneous natural mortality for ages 9 and older, with 95% confidence interval."
"dfo_cod_4t4vn_2024","Fbar",,,,,,1995,,"5-8",0.007,,0.005,0.008,"yr-1","official_table","DFO sGSL Cod Rebuilding Plan (2024), Figure 3 data table; source cited as DFO Science Advisory Report 2024/026","Estimated instantaneous fishing mortality for ages 5-8, with 95% confidence interval."
"dfo_cod_4t4vn_2024","Mbar",,,,,,1995,,"5-8",0.438,,0.373,0.498,"yr-1","official_table","DFO sGSL Cod Rebuilding Plan (2024), Figure 3 data table; source cited as DFO Science Advisory Report 2024/026","Estimated instantaneous natural mortality for ages 5-8, with 95% confidence interval."
"dfo_cod_4t4vn_2024","Mbar",,,,,,1995,,"9+",0.627,,0.529,0.728,"yr-1","official_table","DFO sGSL Cod Rebuilding Plan (2024), Figure 3 data table; source cited as DFO Science Advisory Report 2024/026","Estimated instantaneous natural mortality for ages 9 and older, with 95% confidence interval."
"dfo_cod_4t4vn_2024","Fbar",,,,,,1996,,"5-8",0.006,,0.004,0.008,"yr-1","official_table","DFO sGSL Cod Rebuilding Plan (2024), Figure 3 data table; source cited as DFO Science Advisory Report 2024/026","Estimated instantaneous fishing mortality for ages 5-8, with 95% confidence interval."
"dfo_cod_4t4vn_2024","Mbar",,,,,,1996,,"5-8",0.44,,0.363,0.509,"yr-1","official_table","DFO sGSL Cod Rebuilding Plan (2024), Figure 3 data table; source cited as DFO Science Advisory Report 2024/026","Estimated instantaneous natural mortality for ages 5-8, with 95% confidence interval."
"dfo_cod_4t4vn_2024","Mbar",,,,,,1996,,"9+",0.605,,0.526,0.703,"yr-1","official_table","DFO sGSL Cod Rebuilding Plan (2024), Figure 3 data table; source cited as DFO Science Advisory Report 2024/026","Estimated instantaneous natural mortality for ages 9 and older, with 95% confidence interval."
"dfo_cod_4t4vn_2024","Fbar",,,,,,1997,,"5-8",0.008,,0.006,0.01,"yr-1","official_table","DFO sGSL Cod Rebuilding Plan (2024), Figure 3 data table; source cited as DFO Science Advisory Report 2024/026","Estimated instantaneous fishing mortality for ages 5-8, with 95% confidence interval."
"dfo_cod_4t4vn_2024","Mbar",,,,,,1997,,"5-8",0.441,,0.379,0.518,"yr-1","official_table","DFO sGSL Cod Rebuilding Plan (2024), Figure 3 data table; source cited as DFO Science Advisory Report 2024/026","Estimated instantaneous natural mortality for ages 5-8, with 95% confidence interval."
"dfo_cod_4t4vn_2024","Mbar",,,,,,1997,,"9+",0.593,,0.527,0.719,"yr-1","official_table","DFO sGSL Cod Rebuilding Plan (2024), Figure 3 data table; source cited as DFO Science Advisory Report 2024/026","Estimated instantaneous natural mortality for ages 9 and older, with 95% confidence interval."
"dfo_cod_4t4vn_2024","Fbar",,,,,,1998,,"5-8",0.014,,0.01,0.017,"yr-1","official_table","DFO sGSL Cod Rebuilding Plan (2024), Figure 3 data table; source cited as DFO Science Advisory Report 2024/026","Estimated instantaneous fishing mortality for ages 5-8, with 95% confidence interval."
"dfo_cod_4t4vn_2024","Mbar",,,,,,1998,,"5-8",0.457,,0.388,0.544,"yr-1","official_table","DFO sGSL Cod Rebuilding Plan (2024), Figure 3 data table; source cited as DFO Science Advisory Report 2024/026","Estimated instantaneous natural mortality for ages 5-8, with 95% confidence interval."
"dfo_cod_4t4vn_2024","Mbar",,,,,,1998,,"9+",0.61,,0.529,0.719,"yr-1","official_table","DFO sGSL Cod Rebuilding Plan (2024), Figure 3 data table; source cited as DFO Science Advisory Report 2024/026","Estimated instantaneous natural mortality for ages 9 and older, with 95% confidence interval."
"dfo_cod_4t4vn_2024","Fbar",,,,,,1999,,"5-8",0.027,,0.02,0.034,"yr-1","official_table","DFO sGSL Cod Rebuilding Plan (2024), Figure 3 data table; source cited as DFO Science Advisory Report 2024/026","Estimated instantaneous fishing mortality for ages 5-8, with 95% confidence interval."
"dfo_cod_4t4vn_2024","Mbar",,,,,,1999,,"5-8",0.463,,0.385,0.536,"yr-1","official_table","DFO sGSL Cod Rebuilding Plan (2024), Figure 3 data table; source cited as DFO Science Advisory Report 2024/026","Estimated instantaneous natural mortality for ages 5-8, with 95% confidence interval."
"dfo_cod_4t4vn_2024","Mbar",,,,,,1999,,"9+",0.609,,0.532,0.726,"yr-1","official_table","DFO sGSL Cod Rebuilding Plan (2024), Figure 3 data table; source cited as DFO Science Advisory Report 2024/026","Estimated instantaneous natural mortality for ages 9 and older, with 95% confidence interval."
"dfo_cod_4t4vn_2024","Fbar",,,,,,2000,,"5-8",0.03,,0.022,0.038,"yr-1","official_table","DFO sGSL Cod Rebuilding Plan (2024), Figure 3 data table; source cited as DFO Science Advisory Report 2024/026","Estimated instantaneous fishing mortality for ages 5-8, with 95% confidence interval."
"dfo_cod_4t4vn_2024","Mbar",,,,,,2000,,"5-8",0.469,,0.403,0.56,"yr-1","official_table","DFO sGSL Cod Rebuilding Plan (2024), Figure 3 data table; source cited as DFO Science Advisory Report 2024/026","Estimated instantaneous natural mortality for ages 5-8, with 95% confidence interval."
"dfo_cod_4t4vn_2024","Mbar",,,,,,2000,,"9+",0.647,,0.567,0.756,"yr-1","official_table","DFO sGSL Cod Rebuilding Plan (2024), Figure 3 data table; source cited as DFO Science Advisory Report 2024/026","Estimated instantaneous natural mortality for ages 9 and older, with 95% confidence interval."
"dfo_cod_4t4vn_2024","Fbar",,,,,,2001,,"5-8",0.034,,0.025,0.043,"yr-1","official_table","DFO sGSL Cod Rebuilding Plan (2024), Figure 3 data table; source cited as DFO Science Advisory Report 2024/026","Estimated instantaneous fishing mortality for ages 5-8, with 95% confidence interval."
"dfo_cod_4t4vn_2024","Mbar",,,,,,2001,,"5-8",0.492,,0.436,0.568,"yr-1","official_table","DFO sGSL Cod Rebuilding Plan (2024), Figure 3 data table; source cited as DFO Science Advisory Report 2024/026","Estimated instantaneous natural mortality for ages 5-8, with 95% confidence interval."
"dfo_cod_4t4vn_2024","Mbar",,,,,,2001,,"9+",0.683,,0.584,0.774,"yr-1","official_table","DFO sGSL Cod Rebuilding Plan (2024), Figure 3 data table; source cited as DFO Science Advisory Report 2024/026","Estimated instantaneous natural mortality for ages 9 and older, with 95% confidence interval."
"dfo_cod_4t4vn_2024","Fbar",,,,,,2002,,"5-8",0.032,,0.024,0.041,"yr-1","official_table","DFO sGSL Cod Rebuilding Plan (2024), Figure 3 data table; source cited as DFO Science Advisory Report 2024/026","Estimated instantaneous fishing mortality for ages 5-8, with 95% confidence interval."
"dfo_cod_4t4vn_2024","Mbar",,,,,,2002,,"5-8",0.527,,0.472,0.592,"yr-1","official_table","DFO sGSL Cod Rebuilding Plan (2024), Figure 3 data table; source cited as DFO Science Advisory Report 2024/026","Estimated instantaneous natural mortality for ages 5-8, with 95% confidence interval."
"dfo_cod_4t4vn_2024","Mbar",,,,,,2002,,"9+",0.705,,0.632,0.792,"yr-1","official_table","DFO sGSL Cod Rebuilding Plan (2024), Figure 3 data table; source cited as DFO Science Advisory Report 2024/026","Estimated instantaneous natural mortality for ages 9 and older, with 95% confidence interval."
"dfo_cod_4t4vn_2024","Fbar",,,,,,2003,,"5-8",0.002,,0.001,0.002,"yr-1","official_table","DFO sGSL Cod Rebuilding Plan (2024), Figure 3 data table; source cited as DFO Science Advisory Report 2024/026","Estimated instantaneous fishing mortality for ages 5-8, with 95% confidence interval."
"dfo_cod_4t4vn_2024","Mbar",,,,,,2003,,"5-8",0.538,,0.486,0.605,"yr-1","official_table","DFO sGSL Cod Rebuilding Plan (2024), Figure 3 data table; source cited as DFO Science Advisory Report 2024/026","Estimated instantaneous natural mortality for ages 5-8, with 95% confidence interval."
"dfo_cod_4t4vn_2024","Mbar",,,,,,2003,,"9+",0.699,,0.622,0.8,"yr-1","official_table","DFO sGSL Cod Rebuilding Plan (2024), Figure 3 data table; source cited as DFO Science Advisory Report 2024/026","Estimated instantaneous natural mortality for ages 9 and older, with 95% confidence interval."
"dfo_cod_4t4vn_2024","Fbar",,,,,,2004,,"5-8",0.017,,0.013,0.021,"yr-1","official_table","DFO sGSL Cod Rebuilding Plan (2024), Figure 3 data table; source cited as DFO Science Advisory Report 2024/026","Estimated instantaneous fishing mortality for ages 5-8, with 95% confidence interval."
"dfo_cod_4t4vn_2024","Mbar",,,,,,2004,,"5-8",0.555,,0.492,0.619,"yr-1","official_table","DFO sGSL Cod Rebuilding Plan (2024), Figure 3 data table; source cited as DFO Science Advisory Report 2024/026","Estimated instantaneous natural mortality for ages 5-8, with 95% confidence interval."
"dfo_cod_4t4vn_2024","Mbar",,,,,,2004,,"9+",0.737,,0.643,0.816,"yr-1","official_table","DFO sGSL Cod Rebuilding Plan (2024), Figure 3 data table; source cited as DFO Science Advisory Report 2024/026","Estimated instantaneous natural mortality for ages 9 and older, with 95% confidence interval."
"dfo_cod_4t4vn_2024","Fbar",,,,,,2005,,"5-8",0.023,,0.017,0.028,"yr-1","official_table","DFO sGSL Cod Rebuilding Plan (2024), Figure 3 data table; source cited as DFO Science Advisory Report 2024/026","Estimated instantaneous fishing mortality for ages 5-8, with 95% confidence interval."
"dfo_cod_4t4vn_2024","Mbar",,,,,,2005,,"5-8",0.574,,0.517,0.632,"yr-1","official_table","DFO sGSL Cod Rebuilding Plan (2024), Figure 3 data table; source cited as DFO Science Advisory Report 2024/026","Estimated instantaneous natural mortality for ages 5-8, with 95% confidence interval."
"dfo_cod_4t4vn_2024","Mbar",,,,,,2005,,"9+",0.796,,0.698,0.948,"yr-1","official_table","DFO sGSL Cod Rebuilding Plan (2024), Figure 3 data table; source cited as DFO Science Advisory Report 2024/026","Estimated instantaneous natural mortality for ages 9 and older, with 95% confidence interval."
"dfo_cod_4t4vn_2024","Fbar",,,,,,2006,,"5-8",0.026,,0.02,0.032,"yr-1","official_table","DFO sGSL Cod Rebuilding Plan (2024), Figure 3 data table; source cited as DFO Science Advisory Report 2024/026","Estimated instantaneous fishing mortality for ages 5-8, with 95% confidence interval."
"dfo_cod_4t4vn_2024","Mbar",,,,,,2006,,"5-8",0.623,,0.552,0.69,"yr-1","official_table","DFO sGSL Cod Rebuilding Plan (2024), Figure 3 data table; source cited as DFO Science Advisory Report 2024/026","Estimated instantaneous natural mortality for ages 5-8, with 95% confidence interval."
"dfo_cod_4t4vn_2024","Mbar",,,,,,2006,,"9+",0.842,,0.748,0.951,"yr-1","official_table","DFO sGSL Cod Rebuilding Plan (2024), Figure 3 data table; source cited as DFO Science Advisory Report 2024/026","Estimated instantaneous natural mortality for ages 9 and older, with 95% confidence interval."
"dfo_cod_4t4vn_2024","Fbar",,,,,,2007,,"5-8",0.019,,0.015,0.024,"yr-1","official_table","DFO sGSL Cod Rebuilding Plan (2024), Figure 3 data table; source cited as DFO Science Advisory Report 2024/026","Estimated instantaneous fishing mortality for ages 5-8, with 95% confidence interval."
"dfo_cod_4t4vn_2024","Mbar",,,,,,2007,,"5-8",0.683,,0.591,0.765,"yr-1","official_table","DFO sGSL Cod Rebuilding Plan (2024), Figure 3 data table; source cited as DFO Science Advisory Report 2024/026","Estimated instantaneous natural mortality for ages 5-8, with 95% confidence interval."
"dfo_cod_4t4vn_2024","Mbar",,,,,,2007,,"9+",0.872,,0.766,1.001,"yr-1","official_table","DFO sGSL Cod Rebuilding Plan (2024), Figure 3 data table; source cited as DFO Science Advisory Report 2024/026","Estimated instantaneous natural mortality for ages 9 and older, with 95% confidence interval."
"dfo_cod_4t4vn_2024","Fbar",,,,,,2008,,"5-8",0.026,,0.02,0.033,"yr-1","official_table","DFO sGSL Cod Rebuilding Plan (2024), Figure 3 data table; source cited as DFO Science Advisory Report 2024/026","Estimated instantaneous fishing mortality for ages 5-8, with 95% confidence interval."
"dfo_cod_4t4vn_2024","Mbar",,,,,,2008,,"5-8",0.712,,0.646,0.81,"yr-1","official_table","DFO sGSL Cod Rebuilding Plan (2024), Figure 3 data table; source cited as DFO Science Advisory Report 2024/026","Estimated instantaneous natural mortality for ages 5-8, with 95% confidence interval."
"dfo_cod_4t4vn_2024","Mbar",,,,,,2008,,"9+",0.888,,0.736,1.005,"yr-1","official_table","DFO sGSL Cod Rebuilding Plan (2024), Figure 3 data table; source cited as DFO Science Advisory Report 2024/026","Estimated instantaneous natural mortality for ages 9 and older, with 95% confidence interval."
"dfo_cod_4t4vn_2024","Fbar",,,,,,2009,,"5-8",0.003,,0.002,0.003,"yr-1","official_table","DFO sGSL Cod Rebuilding Plan (2024), Figure 3 data table; source cited as DFO Science Advisory Report 2024/026","Estimated instantaneous fishing mortality for ages 5-8, with 95% confidence interval."
"dfo_cod_4t4vn_2024","Mbar",,,,,,2009,,"5-8",0.71,,0.626,0.784,"yr-1","official_table","DFO sGSL Cod Rebuilding Plan (2024), Figure 3 data table; source cited as DFO Science Advisory Report 2024/026","Estimated instantaneous natural mortality for ages 5-8, with 95% confidence interval."
"dfo_cod_4t4vn_2024","Mbar",,,,,,2009,,"9+",0.907,,0.825,0.998,"yr-1","official_table","DFO sGSL Cod Rebuilding Plan (2024), Figure 3 data table; source cited as DFO Science Advisory Report 2024/026","Estimated instantaneous natural mortality for ages 9 and older, with 95% confidence interval."
"dfo_cod_4t4vn_2024","Fbar",,,,,,2010,,"5-8",0.002,,0.001,0.002,"yr-1","official_table","DFO sGSL Cod Rebuilding Plan (2024), Figure 3 data table; source cited as DFO Science Advisory Report 2024/026","Estimated instantaneous fishing mortality for ages 5-8, with 95% confidence interval."
"dfo_cod_4t4vn_2024","Mbar",,,,,,2010,,"5-8",0.69,,0.626,0.773,"yr-1","official_table","DFO sGSL Cod Rebuilding Plan (2024), Figure 3 data table; source cited as DFO Science Advisory Report 2024/026","Estimated instantaneous natural mortality for ages 5-8, with 95% confidence interval."
"dfo_cod_4t4vn_2024","Mbar",,,,,,2010,,"9+",0.948,,0.858,1.054,"yr-1","official_table","DFO sGSL Cod Rebuilding Plan (2024), Figure 3 data table; source cited as DFO Science Advisory Report 2024/026","Estimated instantaneous natural mortality for ages 9 and older, with 95% confidence interval."
"dfo_cod_4t4vn_2024","Fbar",,,,,,2011,,"5-8",0.002,,0.001,0.002,"yr-1","official_table","DFO sGSL Cod Rebuilding Plan (2024), Figure 3 data table; source cited as DFO Science Advisory Report 2024/026","Estimated instantaneous fishing mortality for ages 5-8, with 95% confidence interval."
"dfo_cod_4t4vn_2024","Mbar",,,,,,2011,,"5-8",0.734,,0.658,0.794,"yr-1","official_table","DFO sGSL Cod Rebuilding Plan (2024), Figure 3 data table; source cited as DFO Science Advisory Report 2024/026","Estimated instantaneous natural mortality for ages 5-8, with 95% confidence interval."
"dfo_cod_4t4vn_2024","Mbar",,,,,,2011,,"9+",0.852,,0.758,0.939,"yr-1","official_table","DFO sGSL Cod Rebuilding Plan (2024), Figure 3 data table; source cited as DFO Science Advisory Report 2024/026","Estimated instantaneous natural mortality for ages 9 and older, with 95% confidence interval."
"dfo_cod_4t4vn_2024","Fbar",,,,,,2012,,"5-8",0.003,,0.003,0.004,"yr-1","official_table","DFO sGSL Cod Rebuilding Plan (2024), Figure 3 data table; source cited as DFO Science Advisory Report 2024/026","Estimated instantaneous fishing mortality for ages 5-8, with 95% confidence interval."
"dfo_cod_4t4vn_2024","Mbar",,,,,,2012,,"5-8",0.797,,0.738,0.864,"yr-1","official_table","DFO sGSL Cod Rebuilding Plan (2024), Figure 3 data table; source cited as DFO Science Advisory Report 2024/026","Estimated instantaneous natural mortality for ages 5-8, with 95% confidence interval."
"dfo_cod_4t4vn_2024","Mbar",,,,,,2012,,"9+",0.777,,0.668,0.866,"yr-1","official_table","DFO sGSL Cod Rebuilding Plan (2024), Figure 3 data table; source cited as DFO Science Advisory Report 2024/026","Estimated instantaneous natural mortality for ages 9 and older, with 95% confidence interval."
"dfo_cod_4t4vn_2024","Fbar",,,,,,2013,,"5-8",0.002,,0.002,0.003,"yr-1","official_table","DFO sGSL Cod Rebuilding Plan (2024), Figure 3 data table; source cited as DFO Science Advisory Report 2024/026","Estimated instantaneous fishing mortality for ages 5-8, with 95% confidence interval."
"dfo_cod_4t4vn_2024","Mbar",,,,,,2013,,"5-8",0.774,,0.702,0.867,"yr-1","official_table","DFO sGSL Cod Rebuilding Plan (2024), Figure 3 data table; source cited as DFO Science Advisory Report 2024/026","Estimated instantaneous natural mortality for ages 5-8, with 95% confidence interval."
"dfo_cod_4t4vn_2024","Mbar",,,,,,2013,,"9+",0.75,,0.642,0.878,"yr-1","official_table","DFO sGSL Cod Rebuilding Plan (2024), Figure 3 data table; source cited as DFO Science Advisory Report 2024/026","Estimated instantaneous natural mortality for ages 9 and older, with 95% confidence interval."
"dfo_cod_4t4vn_2024","Fbar",,,,,,2014,,"5-8",0.002,,0.002,0.002,"yr-1","official_table","DFO sGSL Cod Rebuilding Plan (2024), Figure 3 data table; source cited as DFO Science Advisory Report 2024/026","Estimated instantaneous fishing mortality for ages 5-8, with 95% confidence interval."
"dfo_cod_4t4vn_2024","Mbar",,,,,,2014,,"5-8",0.752,,0.685,0.824,"yr-1","official_table","DFO sGSL Cod Rebuilding Plan (2024), Figure 3 data table; source cited as DFO Science Advisory Report 2024/026","Estimated instantaneous natural mortality for ages 5-8, with 95% confidence interval."
"dfo_cod_4t4vn_2024","Mbar",,,,,,2014,,"9+",0.736,,0.65,0.811,"yr-1","official_table","DFO sGSL Cod Rebuilding Plan (2024), Figure 3 data table; source cited as DFO Science Advisory Report 2024/026","Estimated instantaneous natural mortality for ages 9 and older, with 95% confidence interval."
"dfo_cod_4t4vn_2024","Fbar",,,,,,2015,,"5-8",0.002,,0.002,0.002,"yr-1","official_table","DFO sGSL Cod Rebuilding Plan (2024), Figure 3 data table; source cited as DFO Science Advisory Report 2024/026","Estimated instantaneous fishing mortality for ages 5-8, with 95% confidence interval."
"dfo_cod_4t4vn_2024","Mbar",,,,,,2015,,"5-8",0.756,,0.675,0.852,"yr-1","official_table","DFO sGSL Cod Rebuilding Plan (2024), Figure 3 data table; source cited as DFO Science Advisory Report 2024/026","Estimated instantaneous natural mortality for ages 5-8, with 95% confidence interval."
"dfo_cod_4t4vn_2024","Mbar",,,,,,2015,,"9+",0.837,,0.74,0.922,"yr-1","official_table","DFO sGSL Cod Rebuilding Plan (2024), Figure 3 data table; source cited as DFO Science Advisory Report 2024/026","Estimated instantaneous natural mortality for ages 9 and older, with 95% confidence interval."
"dfo_cod_4t4vn_2024","Fbar",,,,,,2016,,"5-8",0.002,,0.002,0.003,"yr-1","official_table","DFO sGSL Cod Rebuilding Plan (2024), Figure 3 data table; source cited as DFO Science Advisory Report 2024/026","Estimated instantaneous fishing mortality for ages 5-8, with 95% confidence interval."
"dfo_cod_4t4vn_2024","Mbar",,,,,,2016,,"5-8",0.813,,0.72,0.909,"yr-1","official_table","DFO sGSL Cod Rebuilding Plan (2024), Figure 3 data table; source cited as DFO Science Advisory Report 2024/026","Estimated instantaneous natural mortality for ages 5-8, with 95% confidence interval."
"dfo_cod_4t4vn_2024","Mbar",,,,,,2016,,"9+",0.899,,0.816,1.003,"yr-1","official_table","DFO sGSL Cod Rebuilding Plan (2024), Figure 3 data table; source cited as DFO Science Advisory Report 2024/026","Estimated instantaneous natural mortality for ages 9 and older, with 95% confidence interval."
"dfo_cod_4t4vn_2024","Fbar",,,,,,2017,,"5-8",0.001,,0.001,0.002,"yr-1","official_table","DFO sGSL Cod Rebuilding Plan (2024), Figure 3 data table; source cited as DFO Science Advisory Report 2024/026","Estimated instantaneous fishing mortality for ages 5-8, with 95% confidence interval."
"dfo_cod_4t4vn_2024","Mbar",,,,,,2017,,"5-8",0.931,,0.817,1.044,"yr-1","official_table","DFO sGSL Cod Rebuilding Plan (2024), Figure 3 data table; source cited as DFO Science Advisory Report 2024/026","Estimated instantaneous natural mortality for ages 5-8, with 95% confidence interval."
"dfo_cod_4t4vn_2024","Mbar",,,,,,2017,,"9+",0.845,,0.763,0.945,"yr-1","official_table","DFO sGSL Cod Rebuilding Plan (2024), Figure 3 data table; source cited as DFO Science Advisory Report 2024/026","Estimated instantaneous natural mortality for ages 9 and older, with 95% confidence interval."
"dfo_cod_4t4vn_2024","Fbar",,,,,,2018,,"5-8",0.002,,0.002,0.003,"yr-1","official_table","DFO sGSL Cod Rebuilding Plan (2024), Figure 3 data table; source cited as DFO Science Advisory Report 2024/026","Estimated instantaneous fishing mortality for ages 5-8, with 95% confidence interval."
"dfo_cod_4t4vn_2024","Mbar",,,,,,2018,,"5-8",0.947,,0.846,1.058,"yr-1","official_table","DFO sGSL Cod Rebuilding Plan (2024), Figure 3 data table; source cited as DFO Science Advisory Report 2024/026","Estimated instantaneous natural mortality for ages 5-8, with 95% confidence interval."
"dfo_cod_4t4vn_2024","Mbar",,,,,,2018,,"9+",0.888,,0.784,1.004,"yr-1","official_table","DFO sGSL Cod Rebuilding Plan (2024), Figure 3 data table; source cited as DFO Science Advisory Report 2024/026","Estimated instantaneous natural mortality for ages 9 and older, with 95% confidence interval."
"dfo_cod_4t4vn_2024","Fbar",,,,,,2019,,"5-8",0.002,,0.002,0.003,"yr-1","official_table","DFO sGSL Cod Rebuilding Plan (2024), Figure 3 data table; source cited as DFO Science Advisory Report 2024/026","Estimated instantaneous fishing mortality for ages 5-8, with 95% confidence interval."
"dfo_cod_4t4vn_2024","Mbar",,,,,,2019,,"5-8",0.875,,0.778,0.976,"yr-1","official_table","DFO sGSL Cod Rebuilding Plan (2024), Figure 3 data table; source cited as DFO Science Advisory Report 2024/026","Estimated instantaneous natural mortality for ages 5-8, with 95% confidence interval."
"dfo_cod_4t4vn_2024","Mbar",,,,,,2019,,"9+",1.112,,0.985,1.246,"yr-1","official_table","DFO sGSL Cod Rebuilding Plan (2024), Figure 3 data table; source cited as DFO Science Advisory Report 2024/026","Estimated instantaneous natural mortality for ages 9 and older, with 95% confidence interval."
"dfo_cod_4t4vn_2024","Fbar",,,,,,2020,,"5-8",0.002,,0.002,0.003,"yr-1","official_table","DFO sGSL Cod Rebuilding Plan (2024), Figure 3 data table; source cited as DFO Science Advisory Report 2024/026","Estimated instantaneous fishing mortality for ages 5-8, with 95% confidence interval."
"dfo_cod_4t4vn_2024","Mbar",,,,,,2020,,"5-8",0.813,,0.709,0.903,"yr-1","official_table","DFO sGSL Cod Rebuilding Plan (2024), Figure 3 data table; source cited as DFO Science Advisory Report 2024/026","Estimated instantaneous natural mortality for ages 5-8, with 95% confidence interval."
"dfo_cod_4t4vn_2024","Mbar",,,,,,2020,,"9+",1.252,,1.107,1.407,"yr-1","official_table","DFO sGSL Cod Rebuilding Plan (2024), Figure 3 data table; source cited as DFO Science Advisory Report 2024/026","Estimated instantaneous natural mortality for ages 9 and older, with 95% confidence interval."
"dfo_cod_4t4vn_2024","Fbar",,,,,,2021,,"5-8",0.003,,0.003,0.005,"yr-1","official_table","DFO sGSL Cod Rebuilding Plan (2024), Figure 3 data table; source cited as DFO Science Advisory Report 2024/026","Estimated instantaneous fishing mortality for ages 5-8, with 95% confidence interval."
"dfo_cod_4t4vn_2024","Mbar",,,,,,2021,,"5-8",0.865,,0.736,0.988,"yr-1","official_table","DFO sGSL Cod Rebuilding Plan (2024), Figure 3 data table; source cited as DFO Science Advisory Report 2024/026","Estimated instantaneous natural mortality for ages 5-8, with 95% confidence interval."
"dfo_cod_4t4vn_2024","Mbar",,,,,,2021,,"9+",1.248,,1.071,1.4,"yr-1","official_table","DFO sGSL Cod Rebuilding Plan (2024), Figure 3 data table; source cited as DFO Science Advisory Report 2024/026","Estimated instantaneous natural mortality for ages 9 and older, with 95% confidence interval."
"dfo_cod_4t4vn_2024","Fbar",,,,,,2022,,"5-8",0.004,,0.003,0.006,"yr-1","official_table","DFO sGSL Cod Rebuilding Plan (2024), Figure 3 data table; source cited as DFO Science Advisory Report 2024/026","Estimated instantaneous fishing mortality for ages 5-8, with 95% confidence interval."
"dfo_cod_4t4vn_2024","Mbar",,,,,,2022,,"5-8",0.999,,0.781,1.229,"yr-1","official_table","DFO sGSL Cod Rebuilding Plan (2024), Figure 3 data table; source cited as DFO Science Advisory Report 2024/026","Estimated instantaneous natural mortality for ages 5-8, with 95% confidence interval."
"dfo_cod_4t4vn_2024","Mbar",,,,,,2022,,"9+",1.219,,1.012,1.443,"yr-1","official_table","DFO sGSL Cod Rebuilding Plan (2024), Figure 3 data table; source cited as DFO Science Advisory Report 2024/026","Estimated instantaneous natural mortality for ages 9 and older, with 95% confidence interval."
"dfo_cod_4t4vn_2024","Fbar",,,,,,2023,,"5-8",0.003,,0.002,0.004,"yr-1","official_table","DFO sGSL Cod Rebuilding Plan (2024), Figure 3 data table; source cited as DFO Science Advisory Report 2024/026","Estimated instantaneous fishing mortality for ages 5-8, with 95% confidence interval."
"dfo_cod_4t4vn_2024","Mbar",,,,,,2023,,"5-8",1.017,,0.725,1.327,"yr-1","official_table","DFO sGSL Cod Rebuilding Plan (2024), Figure 3 data table; source cited as DFO Science Advisory Report 2024/026","Estimated instantaneous natural mortality for ages 5-8, with 95% confidence interval."
"dfo_cod_4t4vn_2024","Mbar",,,,,,2023,,"9+",1.222,,1.002,1.531,"yr-1","official_table","DFO sGSL Cod Rebuilding Plan (2024), Figure 3 data table; source cited as DFO Science Advisory Report 2024/026","Estimated instantaneous natural mortality for ages 9 and older, with 95% confidence interval."
