"model","year","age","obs","fleet_id","fleet_name","survey","samp_time","effort","sd_key","sd_block","is_plus_group","q_key","q_block","pred","sd","std_res","is_proj","q"
"SAM",1983,1,3788.818,2,"NScodindicesQ1","NScodindicesQ1",0.125,NA,1,"1",FALSE,0,"0",3946.42527141642,0.28819880731742,-0.141416537627749,FALSE,0.00794035853360521
"SAM",1983,2,19828.52,2,"NScodindicesQ1","NScodindicesQ1",0.125,NA,1,"1",FALSE,1,"1",12675.9995165681,0.28819880731742,1.55243842203069,FALSE,0.0492873677648211
"SAM",1983,3,2549.497,2,"NScodindicesQ1","NScodindicesQ1",0.125,NA,1,"1",FALSE,2,"2",2351.51029663041,0.28819880731742,0.280494858463253,FALSE,0.0800766944308678
"SAM",1983,4,1222.794,2,"NScodindicesQ1","NScodindicesQ1",0.125,NA,1,"1",FALSE,3,"3",1780.8657971645,0.28819880731742,-1.30452047389846,FALSE,0.0911771628123248
"SAM",1983,5,446.2575,2,"NScodindicesQ1","NScodindicesQ1",0.125,NA,1,"1",FALSE,4,"4",529.216266126146,0.28819880731742,-0.591609073194917,FALSE,0.102698997910182
"SAM",1983,6,388.6214,2,"NScodindicesQ1","NScodindicesQ1",0.125,NA,1,"1",FALSE,5,"5",287.547467428059,0.28819880731742,1.04517314628814,FALSE,0.122301110739395
"SAM",1983,7,124.7479,2,"NScodindicesQ1","NScodindicesQ1",0.125,NA,1,"1",TRUE,5,"5",152.630065252351,0.28819880731742,-0.699941198583741,FALSE,0.122301110739395
"SAM",1984,1,11828.27,2,"NScodindicesQ1","NScodindicesQ1",0.125,NA,1,"1",FALSE,0,"0",14484.6015705234,0.28819880731742,-0.702965072824445,FALSE,0.00794035853360521
"SAM",1984,2,6914.288,2,"NScodindicesQ1","NScodindicesQ1",0.125,NA,1,"1",FALSE,1,"1",6391.69201312807,0.28819880731742,0.272697072732003,FALSE,0.0492873677648211
"SAM",1984,3,2560.589,2,"NScodindicesQ1","NScodindicesQ1",0.125,NA,1,"1",FALSE,2,"2",3726.03859160983,0.28819880731742,-1.30156097052569,FALSE,0.0800766944308678
"SAM",1984,4,527.6342,2,"NScodindicesQ1","NScodindicesQ1",0.125,NA,1,"1",FALSE,3,"3",680.306553975097,0.28819880731742,-0.881822770335279,FALSE,0.0911771628123248
"SAM",1984,5,418.9012,2,"NScodindicesQ1","NScodindicesQ1",0.125,NA,1,"1",FALSE,4,"4",622.274636020333,0.28819880731742,-1.37317167752995,FALSE,0.102698997910182
"SAM",1984,6,184.242,2,"NScodindicesQ1","NScodindicesQ1",0.125,NA,1,"1",FALSE,5,"5",213.865838506735,0.28819880731742,-0.517346987262502,FALSE,0.122301110739395
"SAM",1984,7,115.2485,2,"NScodindicesQ1","NScodindicesQ1",0.125,NA,1,"1",TRUE,5,"5",130.881260960348,0.28819880731742,-0.441361440254822,FALSE,0.122301110739395
"SAM",1985,1,594.1904,2,"NScodindicesQ1","NScodindicesQ1",0.125,NA,1,"1",FALSE,0,"0",2142.09848709747,0.28819880731742,-4.44950287685891,FALSE,0.00794035853360521
"SAM",1985,2,17697.83,2,"NScodindicesQ1","NScodindicesQ1",0.125,NA,1,"1",FALSE,1,"1",15140.7555613868,0.28819880731742,0.541473030034408,FALSE,0.0492873677648211
"SAM",1985,3,2437.332,2,"NScodindicesQ1","NScodindicesQ1",0.125,NA,1,"1",FALSE,2,"2",2327.81878772728,0.28819880731742,0.159515968679427,FALSE,0.0800766944308678
"SAM",1985,4,1380.403,2,"NScodindicesQ1","NScodindicesQ1",0.125,NA,1,"1",FALSE,3,"3",1271.18767876716,0.28819880731742,0.285996471311078,FALSE,0.0911771628123248
"SAM",1985,5,248.3584,2,"NScodindicesQ1","NScodindicesQ1",0.125,NA,1,"1",FALSE,4,"4",271.089980724222,0.28819880731742,-0.3038802782093,FALSE,0.102698997910182
"SAM",1985,6,245.8756,2,"NScodindicesQ1","NScodindicesQ1",0.125,NA,1,"1",FALSE,5,"5",271.635336390314,0.28819880731742,-0.345715430637478,FALSE,0.122301110739395
"SAM",1985,7,53.7156,2,"NScodindicesQ1","NScodindicesQ1",0.125,NA,1,"1",TRUE,5,"5",98.8990495697036,0.28819880731742,-2.11796909269214,FALSE,0.122301110739395
"SAM",1986,1,10988.51,2,"NScodindicesQ1","NScodindicesQ1",0.125,NA,1,"1",FALSE,0,"0",15841.4394072912,0.28819880731742,-1.26919009800489,FALSE,0.00794035853360521
"SAM",1986,2,3757.242,2,"NScodindicesQ1","NScodindicesQ1",0.125,NA,1,"1",FALSE,1,"1",3299.58524917442,0.28819880731742,0.450690272859007,FALSE,0.0492873677648211
"SAM",1986,3,4148.35,2,"NScodindicesQ1","NScodindicesQ1",0.125,NA,1,"1",FALSE,2,"2",4251.63339004118,0.28819880731742,-0.0853319678102083,FALSE,0.0800766944308678
"SAM",1986,4,1241.355,2,"NScodindicesQ1","NScodindicesQ1",0.125,NA,1,"1",FALSE,3,"3",861.016991664977,0.28819880731742,1.26941734525714,FALSE,0.0911771628123248
"SAM",1986,5,489.6015,2,"NScodindicesQ1","NScodindicesQ1",0.125,NA,1,"1",FALSE,4,"4",504.257789401247,0.28819880731742,-0.102345424567857,FALSE,0.102698997910182
"SAM",1986,6,211.8556,2,"NScodindicesQ1","NScodindicesQ1",0.125,NA,1,"1",FALSE,5,"5",136.08518668743,0.28819880731742,1.53582817462862,FALSE,0.122301110739395
"SAM",1986,7,103.9307,2,"NScodindicesQ1","NScodindicesQ1",0.125,NA,1,"1",TRUE,5,"5",128.261629029807,0.28819880731742,-0.729870556072772,FALSE,0.122301110739395
"SAM",1987,1,6061.529,2,"NScodindicesQ1","NScodindicesQ1",0.125,NA,1,"1",FALSE,0,"0",4235.99937781493,0.28819880731742,1.24338751073968,FALSE,0.00794035853360521
"SAM",1987,2,18141.31,2,"NScodindicesQ1","NScodindicesQ1",0.125,NA,1,"1",FALSE,1,"1",17634.1467006471,0.28819880731742,0.0983851481461111,FALSE,0.0492873677648211
"SAM",1987,3,986.994,2,"NScodindicesQ1","NScodindicesQ1",0.125,NA,1,"1",FALSE,2,"2",1166.33011051283,0.28819880731742,-0.57929969126198,FALSE,0.0800766944308678
"SAM",1987,4,1006.447,2,"NScodindicesQ1","NScodindicesQ1",0.125,NA,1,"1",FALSE,3,"3",1256.32015929218,0.28819880731742,-0.769471027782155,FALSE,0.0911771628123248
"SAM",1987,5,238.3656,2,"NScodindicesQ1","NScodindicesQ1",0.125,NA,1,"1",FALSE,4,"4",302.327694928346,0.28819880731742,-0.824798285522023,FALSE,0.102698997910182
"SAM",1987,6,180.9372,2,"NScodindicesQ1","NScodindicesQ1",0.125,NA,1,"1",FALSE,5,"5",209.298000054498,0.28819880731742,-0.505238261134539,FALSE,0.122301110739395
"SAM",1987,7,72.8184,2,"NScodindicesQ1","NScodindicesQ1",0.125,NA,1,"1",TRUE,5,"5",87.3111187113927,0.28819880731742,-0.629805334746981,FALSE,0.122301110739395
"SAM",1988,1,3350.759,2,"NScodindicesQ1","NScodindicesQ1",0.125,NA,1,"1",FALSE,0,"0",2417.54872292048,0.28819880731742,1.13266528746669,FALSE,0.00794035853360521
"SAM",1988,2,6595.214,2,"NScodindicesQ1","NScodindicesQ1",0.125,NA,1,"1",FALSE,1,"1",6944.18488064327,0.28819880731742,-0.178905553192456,FALSE,0.0492873677648211
"SAM",1988,3,3730.595,2,"NScodindicesQ1","NScodindicesQ1",0.125,NA,1,"1",FALSE,2,"2",4996.64118807029,0.28819880731742,-1.01387715193574,FALSE,0.0800766944308678
"SAM",1988,4,376.5872,2,"NScodindicesQ1","NScodindicesQ1",0.125,NA,1,"1",FALSE,3,"3",436.716587950635,0.28819880731742,-0.514002186871116,FALSE,0.0911771628123248
"SAM",1988,5,328.2862,2,"NScodindicesQ1","NScodindicesQ1",0.125,NA,1,"1",FALSE,4,"4",460.630006778914,0.28819880731742,-1.17526282176924,FALSE,0.102698997910182
"SAM",1988,6,198.612,2,"NScodindicesQ1","NScodindicesQ1",0.125,NA,1,"1",FALSE,5,"5",149.468596580472,0.28819880731742,0.986356817172403,FALSE,0.122301110739395
"SAM",1988,7,100.0273,2,"NScodindicesQ1","NScodindicesQ1",0.125,NA,1,"1",TRUE,5,"5",95.405646602032,0.28819880731742,0.164141495821897,FALSE,0.122301110739395
"SAM",1989,1,7813.344,2,"NScodindicesQ1","NScodindicesQ1",0.125,NA,1,"1",FALSE,0,"0",7490.93510299321,0.28819880731742,0.146216443509034,FALSE,0.00794035853360521
"SAM",1989,2,4279.884,2,"NScodindicesQ1","NScodindicesQ1",0.125,NA,1,"1",FALSE,1,"1",3953.05246721393,0.28819880731742,0.275635593974981,FALSE,0.0492873677648211
"SAM",1989,3,3374.852,2,"NScodindicesQ1","NScodindicesQ1",0.125,NA,1,"1",FALSE,2,"2",2540.88134990042,0.28819880731742,0.98487729758281,FALSE,0.0800766944308678
"SAM",1989,4,1226.066,2,"NScodindicesQ1","NScodindicesQ1",0.125,NA,1,"1",FALSE,3,"3",1424.07336394442,0.28819880731742,-0.519470094306918,FALSE,0.0911771628123248
"SAM",1989,5,165.5817,2,"NScodindicesQ1","NScodindicesQ1",0.125,NA,1,"1",FALSE,4,"4",175.246973708889,0.28819880731742,-0.19684858959816,FALSE,0.102698997910182
"SAM",1989,6,224.3245,2,"NScodindicesQ1","NScodindicesQ1",0.125,NA,1,"1",FALSE,5,"5",213.907605221957,0.28819880731742,0.164988516864887,FALSE,0.122301110739395
"SAM",1989,7,89.8551,2,"NScodindicesQ1","NScodindicesQ1",0.125,NA,1,"1",TRUE,5,"5",87.3819337344864,0.28819880731742,0.0968422447552852,FALSE,0.122301110739395
"SAM",1990,1,1747.096,2,"NScodindicesQ1","NScodindicesQ1",0.125,NA,1,"1",FALSE,0,"0",2175.92261699496,0.28819880731742,-0.761619339699521,FALSE,0.00794035853360521
"SAM",1990,2,10560.79,2,"NScodindicesQ1","NScodindicesQ1",0.125,NA,1,"1",FALSE,1,"1",9320.38246502793,0.28819880731742,0.433535524915342,FALSE,0.0492873677648211
"SAM",1990,3,1198.517,2,"NScodindicesQ1","NScodindicesQ1",0.125,NA,1,"1",FALSE,2,"2",1356.71223513569,0.28819880731742,-0.430186858646504,FALSE,0.0800766944308678
"SAM",1990,4,666.8642,2,"NScodindicesQ1","NScodindicesQ1",0.125,NA,1,"1",FALSE,3,"3",728.304718957879,0.28819880731742,-0.305806621659342,FALSE,0.0911771628123248
"SAM",1990,5,409.792,2,"NScodindicesQ1","NScodindicesQ1",0.125,NA,1,"1",FALSE,4,"4",468.049161486436,0.28819880731742,-0.461221972612684,FALSE,0.102698997910182
"SAM",1990,6,80.6225,2,"NScodindicesQ1","NScodindicesQ1",0.125,NA,1,"1",FALSE,5,"5",73.9540494412977,0.28819880731742,0.299563418912547,FALSE,0.122301110739395
"SAM",1990,7,126.5671,2,"NScodindicesQ1","NScodindicesQ1",0.125,NA,1,"1",TRUE,5,"5",102.660741704851,0.28819880731742,0.726383368116114,FALSE,0.122301110739395
"SAM",1991,1,2654.378,2,"NScodindicesQ1","NScodindicesQ1",0.125,NA,1,"1",FALSE,0,"0",2940.21934124893,0.28819880731742,-0.354872503090309,FALSE,0.00794035853360521
"SAM",1991,2,2988.066,2,"NScodindicesQ1","NScodindicesQ1",0.125,NA,1,"1",FALSE,1,"1",3123.64893331345,0.28819880731742,-0.153975283226245,FALSE,0.0492873677648211
"SAM",1991,3,2286.128,2,"NScodindicesQ1","NScodindicesQ1",0.125,NA,1,"1",FALSE,2,"2",2412.13247393327,0.28819880731742,-0.186161920335797,FALSE,0.0800766944308678
"SAM",1991,4,496.2063,2,"NScodindicesQ1","NScodindicesQ1",0.125,NA,1,"1",FALSE,3,"3",468.777961760042,0.28819880731742,0.19730317741232,FALSE,0.0911771628123248
"SAM",1991,5,249.5221,2,"NScodindicesQ1","NScodindicesQ1",0.125,NA,1,"1",FALSE,4,"4",260.042490900691,0.28819880731742,-0.143295373652754,FALSE,0.102698997910182
"SAM",1991,6,199.3011,2,"NScodindicesQ1","NScodindicesQ1",0.125,NA,1,"1",FALSE,5,"5",205.506167253534,0.28819880731742,-0.106382459442919,FALSE,0.122301110739395
"SAM",1991,7,74.5613,2,"NScodindicesQ1","NScodindicesQ1",0.125,NA,1,"1",TRUE,5,"5",70.6875752033083,0.28819880731742,0.185121474250257,FALSE,0.122301110739395
"SAM",1992,1,7876.55100000001,2,"NScodindicesQ1","NScodindicesQ1",0.125,NA,1,"1",FALSE,0,"0",7012.98074032983,0.28819880731742,0.40294162044324,FALSE,0.00794035853360521
"SAM",1992,2,4091.122,2,"NScodindicesQ1","NScodindicesQ1",0.125,NA,1,"1",FALSE,1,"1",4238.82877554701,0.28819880731742,-0.123066917488062,FALSE,0.0492873677648211
"SAM",1992,3,849.8951,2,"NScodindicesQ1","NScodindicesQ1",0.125,NA,1,"1",FALSE,2,"2",1061.51651240252,0.28819880731742,-0.771484478764862,FALSE,0.0800766944308678
"SAM",1992,4,612.5259,2,"NScodindicesQ1","NScodindicesQ1",0.125,NA,1,"1",FALSE,3,"3",702.475507615926,0.28819880731742,-0.475433295622171,FALSE,0.0911771628123248
"SAM",1992,5,147.0095,2,"NScodindicesQ1","NScodindicesQ1",0.125,NA,1,"1",FALSE,4,"4",174.453095463452,0.28819880731742,-0.593891080457438,FALSE,0.102698997910182
"SAM",1992,6,75.9196,2,"NScodindicesQ1","NScodindicesQ1",0.125,NA,1,"1",FALSE,5,"5",100.341591524336,0.28819880731742,-0.967753465940357,FALSE,0.122301110739395
"SAM",1992,7,95.7719,2,"NScodindicesQ1","NScodindicesQ1",0.125,NA,1,"1",TRUE,5,"5",89.8143607851184,0.28819880731742,0.222847696540257,FALSE,0.122301110739395
"SAM",1992,1,13784.84,3,"NScodindicesQ3&Q4","NScodindicesQ3&Q4",0.75,NA,2,"2",FALSE,6,"6",9534.0632093346,0.371113460312593,0.993492530915005,FALSE,0.0256213015997414
"SAM",1992,2,1788.258,3,"NScodindicesQ3&Q4","NScodindicesQ3&Q4",0.75,NA,2,"2",FALSE,7,"7",1767.51898591741,0.371113460312593,0.0314327085419365,FALSE,0.0564557212821385
"SAM",1992,3,477.8363,3,"NScodindicesQ3&Q4","NScodindicesQ3&Q4",0.75,NA,2,"2",FALSE,8,"8",488.361138037796,0.371113460312593,-0.0587070161473522,FALSE,0.082761844318646
"SAM",1992,4,230.331,3,"NScodindicesQ3&Q4","NScodindicesQ3&Q4",0.75,NA,2,"2",FALSE,9,"9",350.824008767893,0.371113460312593,-1.13379690686717,FALSE,0.0948940048046032
"SAM",1992,5,72.4394,3,"NScodindicesQ3&Q4","NScodindicesQ3&Q4",0.75,NA,2,"2",FALSE,10,"10",77.091778329803,0.371113460312593,-0.167728457269844,FALSE,0.0897331975670765
"SAM",1992,6,49.812,3,"NScodindicesQ3&Q4","NScodindicesQ3&Q4",0.75,NA,2,"2",FALSE,11,"11",44.0306766597272,0.371113460312593,0.332430224852354,FALSE,0.107042535701336
"SAM",1992,7,35.1125,3,"NScodindicesQ3&Q4","NScodindicesQ3&Q4",0.75,NA,2,"2",TRUE,11,"11",38.6824674420706,0.371113460312593,-0.260915535638744,FALSE,0.107042535701336
"SAM",1993,1,3720.866,2,"NScodindicesQ1","NScodindicesQ1",0.125,NA,1,"1",FALSE,0,"0",2694.04588331993,0.28819880731742,1.12044990880939,FALSE,0.00794035853360521
"SAM",1993,2,13290.99,2,"NScodindicesQ1","NScodindicesQ1",0.125,NA,1,"1",FALSE,1,"1",9400.49933419909,0.28819880731742,1.20168281315632,FALSE,0.0492873677648211
"SAM",1993,3,1341.612,2,"NScodindicesQ1","NScodindicesQ1",0.125,NA,1,"1",FALSE,2,"2",1442.0212762239,0.28819880731742,-0.250431006491389,FALSE,0.0800766944308678
"SAM",1993,4,349.7465,2,"NScodindicesQ1","NScodindicesQ1",0.125,NA,1,"1",FALSE,3,"3",394.470901662717,0.28819880731742,-0.417547776461196,FALSE,0.0911771628123248
"SAM",1993,5,230.3624,2,"NScodindicesQ1","NScodindicesQ1",0.125,NA,1,"1",FALSE,4,"4",252.764506169209,0.28819880731742,-0.322015657898911,FALSE,0.102698997910182
"SAM",1993,6,84.2165,2,"NScodindicesQ1","NScodindicesQ1",0.125,NA,1,"1",FALSE,5,"5",77.8946676279303,0.28819880731742,0.270762276016533,FALSE,0.122301110739395
"SAM",1993,7,35.4879,2,"NScodindicesQ1","NScodindicesQ1",0.125,NA,1,"1",TRUE,5,"5",63.7968111316714,0.28819880731742,-2.03509313237144,FALSE,0.122301110739395
"SAM",1993,1,2934.131,3,"NScodindicesQ3&Q4","NScodindicesQ3&Q4",0.75,NA,2,"2",FALSE,6,"6",3711.35658661272,0.371113460312593,-0.633192174400566,FALSE,0.0256213015997414
"SAM",1993,2,3617.106,3,"NScodindicesQ3&Q4","NScodindicesQ3&Q4",0.75,NA,2,"2",FALSE,7,"7",3954.50843155804,0.371113460312593,-0.240309377211183,FALSE,0.0564557212821385
"SAM",1993,3,718.5413,3,"NScodindicesQ3&Q4","NScodindicesQ3&Q4",0.75,NA,2,"2",FALSE,8,"8",661.699475668135,0.371113460312593,0.222066038898448,FALSE,0.082761844318646
"SAM",1993,4,197.8775,3,"NScodindicesQ3&Q4","NScodindicesQ3&Q4",0.75,NA,2,"2",FALSE,9,"9",196.182130695113,0.371113460312593,0.0231861338486469,FALSE,0.0948940048046032
"SAM",1993,5,83.9616,3,"NScodindicesQ3&Q4","NScodindicesQ3&Q4",0.75,NA,2,"2",FALSE,10,"10",110.272895177679,0.371113460312593,-0.734542495666728,FALSE,0.0897331975670765
"SAM",1993,6,25.9709,3,"NScodindicesQ3&Q4","NScodindicesQ3&Q4",0.75,NA,2,"2",FALSE,11,"11",33.6522286459405,0.371113460312593,-0.69817624891593,FALSE,0.107042535701336
"SAM",1993,7,44.0536,3,"NScodindicesQ3&Q4","NScodindicesQ3&Q4",0.75,NA,2,"2",TRUE,11,"11",27.4324490115737,0.371113460312593,1.27637647732246,FALSE,0.107042535701336
"SAM",1993,1,7072.001,4,"NScodrecruitmentindex","NScodrecruitmentindex",0,NA,3,"3",FALSE,12,"12",2667.91912694314,1.07977110136855,0.902825284126178,FALSE,0.00663255880333795
"SAM",1994,1,6499.51599999999,2,"NScodindicesQ1","NScodindicesQ1",0.125,NA,1,"1",FALSE,0,"0",10677.1305838911,0.28819880731742,-1.72234027455755,FALSE,0.00794035853360521
"SAM",1994,2,3265.091,2,"NScodindicesQ1","NScodindicesQ1",0.125,NA,1,"1",FALSE,1,"1",4374.32082458299,0.28819880731742,-1.01479821059154,FALSE,0.0492873677648211
"SAM",1994,3,2196.979,2,"NScodindicesQ1","NScodindicesQ1",0.125,NA,1,"1",FALSE,2,"2",2728.47677426708,0.28819880731742,-0.75177361934674,FALSE,0.0800766944308678
"SAM",1994,4,550.6692,2,"NScodindicesQ1","NScodindicesQ1",0.125,NA,1,"1",FALSE,3,"3",468.487369852029,0.28819880731742,0.56081121490221,FALSE,0.0911771628123248
"SAM",1994,5,192.1339,2,"NScodindicesQ1","NScodindicesQ1",0.125,NA,1,"1",FALSE,4,"4",147.761181174167,0.28819880731742,0.911159895175501,FALSE,0.102698997910182
"SAM",1994,6,109.8454,2,"NScodindicesQ1","NScodindicesQ1",0.125,NA,1,"1",FALSE,5,"5",101.884555897028,0.28819880731742,0.261047420672359,FALSE,0.122301110739395
"SAM",1994,7,48.106,2,"NScodindicesQ1","NScodindicesQ1",0.125,NA,1,"1",TRUE,5,"5",49.15787534641,0.28819880731742,-0.07505289613986,FALSE,0.122301110739395
"SAM",1994,1,16193.82,3,"NScodindicesQ3&Q4","NScodindicesQ3&Q4",0.75,NA,2,"2",FALSE,6,"6",14710.0091407351,0.371113460312593,0.258954584628073,FALSE,0.0256213015997414
"SAM",1994,2,2337.41,3,"NScodindicesQ3&Q4","NScodindicesQ3&Q4",0.75,NA,2,"2",FALSE,7,"7",1794.44143457168,0.371113460312593,0.712314998061332,FALSE,0.0564557212821385
"SAM",1994,3,1143.944,3,"NScodindicesQ3&Q4","NScodindicesQ3&Q4",0.75,NA,2,"2",FALSE,8,"8",1209.72253421913,0.371113460312593,-0.150652261420681,FALSE,0.082761844318646
"SAM",1994,4,192.5283,3,"NScodindicesQ3&Q4","NScodindicesQ3&Q4",0.75,NA,2,"2",FALSE,9,"9",228.754034206527,0.371113460312593,-0.464559231618621,FALSE,0.0948940048046032
"SAM",1994,5,44.8246,3,"NScodindicesQ3&Q4","NScodindicesQ3&Q4",0.75,NA,2,"2",FALSE,10,"10",63.5921472088521,0.371113460312593,-0.942388063773509,FALSE,0.0897331975670765
"SAM",1994,6,32.1719,3,"NScodindicesQ3&Q4","NScodindicesQ3&Q4",0.75,NA,2,"2",FALSE,11,"11",43.5152482691798,0.371113460312593,-0.813815835719995,FALSE,0.107042535701336
"SAM",1994,7,21.8872,3,"NScodindicesQ3&Q4","NScodindicesQ3&Q4",0.75,NA,2,"2",TRUE,11,"11",21.1815491951771,0.371113460312593,0.0883059032416073,FALSE,0.107042535701336
"SAM",1994,1,6739.781,4,"NScodrecruitmentindex","NScodrecruitmentindex",0,NA,3,"3",FALSE,12,"12",10573.4347168942,1.07977110136855,-0.417048821066112,FALSE,0.00663255880333795
"SAM",1995,1,5698.006,2,"NScodindicesQ1","NScodindicesQ1",0.125,NA,1,"1",FALSE,0,"0",4569.71446553662,0.28819880731742,0.765671337660858,FALSE,0.00794035853360521
"SAM",1995,2,13748.02,2,"NScodindicesQ1","NScodindicesQ1",0.125,NA,1,"1",FALSE,1,"1",12237.8828068333,0.28819880731742,0.403743950233581,FALSE,0.0492873677648211
"SAM",1995,3,2651.948,2,"NScodindicesQ1","NScodindicesQ1",0.125,NA,1,"1",FALSE,2,"2",1762.55308432888,0.28819880731742,1.41753220310659,FALSE,0.0800766944308678
"SAM",1995,4,810.8813,2,"NScodindicesQ1","NScodindicesQ1",0.125,NA,1,"1",FALSE,3,"3",868.970267887378,0.28819880731742,-0.240067716682758,FALSE,0.0911771628123248
"SAM",1995,5,224.1627,2,"NScodindicesQ1","NScodindicesQ1",0.125,NA,1,"1",FALSE,4,"4",170.996618868238,0.28819880731742,0.939380514434417,FALSE,0.102698997910182
"SAM",1995,6,66.5354,2,"NScodindicesQ1","NScodindicesQ1",0.125,NA,1,"1",FALSE,5,"5",60.9737177857597,0.28819880731742,0.30288543629498,FALSE,0.122301110739395
"SAM",1995,7,46.0027,2,"NScodindicesQ1","NScodindicesQ1",0.125,NA,1,"1",TRUE,5,"5",51.9147952772086,0.28819880731742,-0.419515032111132,FALSE,0.122301110739395
"SAM",1995,1,8655.073,3,"NScodindicesQ3&Q4","NScodindicesQ3&Q4",0.75,NA,2,"2",FALSE,6,"6",6500.06079094487,0.371113460312593,0.771554051075031,FALSE,0.0256213015997414
"SAM",1995,2,6042.221,3,"NScodindicesQ3&Q4","NScodindicesQ3&Q4",0.75,NA,2,"2",FALSE,7,"7",5399.47559236081,0.371113460312593,0.303060479575102,FALSE,0.0564557212821385
"SAM",1995,3,1475.098,3,"NScodindicesQ3&Q4","NScodindicesQ3&Q4",0.75,NA,2,"2",FALSE,8,"8",843.141920366605,0.371113460312593,1.50720594014437,FALSE,0.082761844318646
"SAM",1995,4,661.3433,3,"NScodindicesQ3&Q4","NScodindicesQ3&Q4",0.75,NA,2,"2",FALSE,9,"9",457.37998202205,0.371113460312593,0.993654483443407,FALSE,0.0948940048046032
"SAM",1995,5,86.4228,3,"NScodindicesQ3&Q4","NScodindicesQ3&Q4",0.75,NA,2,"2",FALSE,10,"10",78.8929370323285,0.371113460312593,0.245638689398821,FALSE,0.0897331975670765
"SAM",1995,6,21.469,3,"NScodindicesQ3&Q4","NScodindicesQ3&Q4",0.75,NA,2,"2",FALSE,11,"11",27.936934606447,0.371113460312593,-0.709593233183202,FALSE,0.107042535701336
"SAM",1995,7,34.4554,3,"NScodindicesQ3&Q4","NScodindicesQ3&Q4",0.75,NA,2,"2",TRUE,11,"11",24.1300389623033,0.371113460312593,0.959836486309412,FALSE,0.107042535701336
"SAM",1995,1,12561,4,"NScodrecruitmentindex","NScodrecruitmentindex",0,NA,3,"3",FALSE,12,"12",4496.52078436226,1.07977110136855,0.951398713763503,FALSE,0.00663255880333795
"SAM",1996,1,1973.059,2,"NScodindicesQ1","NScodindicesQ1",0.125,NA,1,"1",FALSE,0,"0",2070.98632002714,0.28819880731742,-0.168077887128364,FALSE,0.00794035853360521
"SAM",1996,2,7307.796,2,"NScodindicesQ1","NScodindicesQ1",0.125,NA,1,"1",FALSE,1,"1",6553.98129831432,0.28819880731742,0.37775668723072,FALSE,0.0492873677648211
"SAM",1996,3,2989.89,2,"NScodindicesQ1","NScodindicesQ1",0.125,NA,1,"1",FALSE,2,"2",3091.28307463334,0.28819880731742,-0.115717487227169,FALSE,0.0800766944308678
"SAM",1996,4,452.3949,2,"NScodindicesQ1","NScodindicesQ1",0.125,NA,1,"1",FALSE,3,"3",520.359867258783,0.28819880731742,-0.485654867805644,FALSE,0.0911771628123248
"SAM",1996,5,262.0203,2,"NScodindicesQ1","NScodindicesQ1",0.125,NA,1,"1",FALSE,4,"4",319.626126280261,0.28819880731742,-0.68955863327305,FALSE,0.102698997910182
"SAM",1996,6,72.8869,2,"NScodindicesQ1","NScodindicesQ1",0.125,NA,1,"1",FALSE,5,"5",75.2016067779368,0.28819880731742,-0.108479535693429,FALSE,0.122301110739395
"SAM",1996,7,48.1119,2,"NScodindicesQ1","NScodindicesQ1",0.125,NA,1,"1",TRUE,5,"5",47.4813172675367,0.28819880731742,0.0457782420995766,FALSE,0.122301110739395
"SAM",1996,1,4071.991,3,"NScodindicesQ3&Q4","NScodindicesQ3&Q4",0.75,NA,2,"2",FALSE,6,"6",2972.46733752209,0.371113460312593,0.848095640239242,FALSE,0.0256213015997414
"SAM",1996,2,2127.053,3,"NScodindicesQ3&Q4","NScodindicesQ3&Q4",0.75,NA,2,"2",FALSE,7,"7",2853.42576662072,0.371113460312593,-0.791625401905231,FALSE,0.0564557212821385
"SAM",1996,3,795.1639,3,"NScodindicesQ3&Q4","NScodindicesQ3&Q4",0.75,NA,2,"2",FALSE,8,"8",1402.17714579959,0.371113460312593,-1.52846289762233,FALSE,0.082761844318646
"SAM",1996,4,245.4113,3,"NScodindicesQ3&Q4","NScodindicesQ3&Q4",0.75,NA,2,"2",FALSE,9,"9",258.612728001594,0.371113460312593,-0.141186216940203,FALSE,0.0948940048046032
"SAM",1996,5,141.1768,3,"NScodindicesQ3&Q4","NScodindicesQ3&Q4",0.75,NA,2,"2",FALSE,10,"10",138.354412206118,0.371113460312593,0.0544157257068059,FALSE,0.0897331975670765
"SAM",1996,6,25.3652,3,"NScodindicesQ3&Q4","NScodindicesQ3&Q4",0.75,NA,2,"2",FALSE,11,"11",32.2614067627733,0.371113460312593,-0.648032336808736,FALSE,0.107042535701336
"SAM",1996,7,12.1056,3,"NScodindicesQ3&Q4","NScodindicesQ3&Q4",0.75,NA,2,"2",TRUE,11,"11",20.8601349785272,0.371113460312593,-1.46632182061946,FALSE,0.107042535701336
"SAM",1996,1,7637.774,4,"NScodrecruitmentindex","NScodrecruitmentindex",0,NA,3,"3",FALSE,12,"12",2034.14763234709,1.07977110136855,1.22528684137203,FALSE,0.00663255880333795
"SAM",1997,1,11708.71,2,"NScodindicesQ1","NScodindicesQ1",0.125,NA,1,"1",FALSE,0,"0",9310.77831844691,0.28819880731742,0.795146667546567,FALSE,0.00794035853360521
"SAM",1997,2,4505.909,2,"NScodindicesQ1","NScodindicesQ1",0.125,NA,1,"1",FALSE,1,"1",4331.61721917737,0.28819880731742,0.136880103243847,FALSE,0.0492873677648211
"SAM",1997,3,1413.723,2,"NScodindicesQ1","NScodindicesQ1",0.125,NA,1,"1",FALSE,2,"2",2075.1772917147,0.28819880731742,-1.33178879285789,FALSE,0.0800766944308678
"SAM",1997,4,636.1848,2,"NScodindicesQ1","NScodindicesQ1",0.125,NA,1,"1",FALSE,3,"3",842.928696332989,0.28819880731742,-0.976386011576921,FALSE,0.0911771628123248
"SAM",1997,5,197.7601,2,"NScodindicesQ1","NScodindicesQ1",0.125,NA,1,"1",FALSE,4,"4",197.758181412823,0.28819880731742,3.36629980519973e-05,FALSE,0.102698997910182
"SAM",1997,6,126.4087,2,"NScodindicesQ1","NScodindicesQ1",0.125,NA,1,"1",FALSE,5,"5",127.934383399389,0.28819880731742,-0.0416281886848385,FALSE,0.122301110739395
"SAM",1997,7,39.1024,2,"NScodindicesQ1","NScodindicesQ1",0.125,NA,1,"1",TRUE,5,"5",43.730772921901,0.28819880731742,-0.388163278656176,FALSE,0.122301110739395
"SAM",1997,1,23530.57,3,"NScodindicesQ3&Q4","NScodindicesQ3&Q4",0.75,NA,2,"2",FALSE,6,"6",13381.5897237818,0.371113460312593,1.5208841125997,FALSE,0.0256213015997414
"SAM",1997,2,2047.345,3,"NScodindicesQ3&Q4","NScodindicesQ3&Q4",0.75,NA,2,"2",FALSE,7,"7",1842.63033917807,0.371113460312593,0.283874771722307,FALSE,0.0564557212821385
"SAM",1997,3,820.2981,3,"NScodindicesQ3&Q4","NScodindicesQ3&Q4",0.75,NA,2,"2",FALSE,8,"8",898.400051387755,0.371113460312593,-0.245066966222588,FALSE,0.082761844318646
"SAM",1997,4,307.8342,3,"NScodindicesQ3&Q4","NScodindicesQ3&Q4",0.75,NA,2,"2",FALSE,9,"9",399.537962035051,0.371113460312593,-0.70260846371935,FALSE,0.0948940048046032
"SAM",1997,5,67.6847,3,"NScodindicesQ3&Q4","NScodindicesQ3&Q4",0.75,NA,2,"2",FALSE,10,"10",82.2490929985602,0.371113460312593,-0.52515531157542,FALSE,0.0897331975670765
"SAM",1997,6,37.8724,3,"NScodindicesQ3&Q4","NScodindicesQ3&Q4",0.75,NA,2,"2",FALSE,11,"11",53.5638914004142,0.371113460312593,-0.934087807694504,FALSE,0.107042535701336
"SAM",1997,7,21.3958,3,"NScodindicesQ3&Q4","NScodindicesQ3&Q4",0.75,NA,2,"2",TRUE,11,"11",19.166832832501,0.371113460312593,0.296441181011451,FALSE,0.107042535701336
"SAM",1997,1,18081.46,4,"NScodrecruitmentindex","NScodrecruitmentindex",0,NA,3,"3",FALSE,12,"12",9142.70808255764,1.07977110136855,0.631550957745236,FALSE,0.00663255880333795
"SAM",1998,1,634.9227,2,"NScodindicesQ1","NScodindicesQ1",0.125,NA,1,"1",FALSE,0,"0",905.980972384238,0.28819880731742,-1.23357569779331,FALSE,0.00794035853360521
"SAM",1998,2,14617.18,2,"NScodindicesQ1","NScodindicesQ1",0.125,NA,1,"1",FALSE,1,"1",15196.5373847412,0.28819880731742,-0.134872345127532,FALSE,0.0492873677648211
"SAM",1998,3,1245.164,2,"NScodindicesQ1","NScodindicesQ1",0.125,NA,1,"1",FALSE,2,"2",1626.20047937999,0.28819880731742,-0.926371118301728,FALSE,0.0800766944308678
"SAM",1998,4,485.0953,2,"NScodindicesQ1","NScodindicesQ1",0.125,NA,1,"1",FALSE,3,"3",607.068583546751,0.28819880731742,-0.778269722923377,FALSE,0.0911771628123248
"SAM",1998,5,256.6154,2,"NScodindicesQ1","NScodindicesQ1",0.125,NA,1,"1",FALSE,4,"4",282.073772843476,0.28819880731742,-0.328211547662252,FALSE,0.102698997910182
"SAM",1998,6,81.5433,2,"NScodindicesQ1","NScodindicesQ1",0.125,NA,1,"1",FALSE,5,"5",82.8371296158256,0.28819880731742,-0.0546227752653525,FALSE,0.122301110739395
"SAM",1998,7,63.4885,2,"NScodindicesQ1","NScodindicesQ1",0.125,NA,1,"1",TRUE,5,"5",58.4060523893355,0.28819880731742,0.289519816699238,FALSE,0.122301110739395
"SAM",1998,1,766.3948,3,"NScodindicesQ3&Q4","NScodindicesQ3&Q4",0.75,NA,2,"2",FALSE,6,"6",1279.59286671503,0.371113460312593,-1.38124818038708,FALSE,0.0256213015997414
"SAM",1998,2,7126.42799999999,3,"NScodindicesQ3&Q4","NScodindicesQ3&Q4",0.75,NA,2,"2",FALSE,7,"7",5821.37204014966,0.371113460312593,0.545046647635687,FALSE,0.0564557212821385
"SAM",1998,3,583.2497,3,"NScodindicesQ3&Q4","NScodindicesQ3&Q4",0.75,NA,2,"2",FALSE,8,"8",603.989953290117,0.371113460312593,-0.0941549454961731,FALSE,0.082761844318646
"SAM",1998,4,149.0404,3,"NScodindicesQ3&Q4","NScodindicesQ3&Q4",0.75,NA,2,"2",FALSE,9,"9",249.777882862173,0.371113460312593,-1.39136598230874,FALSE,0.0948940048046032
"SAM",1998,5,78.8948,3,"NScodindicesQ3&Q4","NScodindicesQ3&Q4",0.75,NA,2,"2",FALSE,10,"10",103.700946669583,0.371113460312593,-0.736690941955023,FALSE,0.0897331975670765
"SAM",1998,6,28.2449,3,"NScodindicesQ3&Q4","NScodindicesQ3&Q4",0.75,NA,2,"2",FALSE,11,"11",31.6998998738205,0.371113460312593,-0.310957764520758,FALSE,0.107042535701336
"SAM",1998,7,20.5246,3,"NScodindicesQ3&Q4","NScodindicesQ3&Q4",0.75,NA,2,"2",TRUE,11,"11",24.2561910455705,0.371113460312593,-0.450125734559708,FALSE,0.107042535701336
"SAM",1998,1,202.6002,4,"NScodrecruitmentindex","NScodrecruitmentindex",0,NA,3,"3",FALSE,12,"12",892.733313705435,1.07977110136855,-1.37348861675076,FALSE,0.00663255880333795
"SAM",1999,1,1734.264,2,"NScodindicesQ1","NScodindicesQ1",0.125,NA,1,"1",FALSE,0,"0",2067.33124490104,0.28819880731742,-0.609563264797596,FALSE,0.00794035853360521
"SAM",1999,2,1244.54,2,"NScodindicesQ1","NScodindicesQ1",0.125,NA,1,"1",FALSE,1,"1",1506.14123990738,0.28819880731742,-0.661990685609831,FALSE,0.0492873677648211
"SAM",1999,3,3728.897,2,"NScodindicesQ1","NScodindicesQ1",0.125,NA,1,"1",FALSE,2,"2",3947.98413515112,0.28819880731742,-0.198101526420204,FALSE,0.0800766944308678
"SAM",1999,4,337.6981,2,"NScodindicesQ1","NScodindicesQ1",0.125,NA,1,"1",FALSE,3,"3",411.178488504775,0.28819880731742,-0.683122527734817,FALSE,0.0911771628123248
"SAM",1999,5,193.3804,2,"NScodindicesQ1","NScodindicesQ1",0.125,NA,1,"1",FALSE,4,"4",182.293203814173,0.28819880731742,0.204868414650351,FALSE,0.102698997910182
"SAM",1999,6,73.347,2,"NScodindicesQ1","NScodindicesQ1",0.125,NA,1,"1",FALSE,5,"5",85.6195463053085,0.28819880731742,-0.536823865623187,FALSE,0.122301110739395
"SAM",1999,7,98.4069,2,"NScodindicesQ1","NScodindicesQ1",0.125,NA,1,"1",TRUE,5,"5",52.5756165048687,0.28819880731742,2.17509045810311,FALSE,0.122301110739395
"SAM",1999,1,3159.795,3,"NScodindicesQ3&Q4","NScodindicesQ3&Q4",0.75,NA,2,"2",FALSE,6,"6",2929.28584365614,0.371113460312593,0.20411142743171,FALSE,0.0256213015997414
"SAM",1999,2,445.9103,3,"NScodindicesQ3&Q4","NScodindicesQ3&Q4",0.75,NA,2,"2",FALSE,7,"7",568.643362138177,0.371113460312593,-0.655151787334823,FALSE,0.0564557212821385
"SAM",1999,3,1543.023,3,"NScodindicesQ3&Q4","NScodindicesQ3&Q4",0.75,NA,2,"2",FALSE,8,"8",1411.66119395881,0.371113460312593,0.239755024149304,FALSE,0.082761844318646
"SAM",1999,4,142.8994,3,"NScodindicesQ3&Q4","NScodindicesQ3&Q4",0.75,NA,2,"2",FALSE,9,"9",162.655995611514,0.371113460312593,-0.348940800984744,FALSE,0.0948940048046032
"SAM",1999,5,36.1705,3,"NScodindicesQ3&Q4","NScodindicesQ3&Q4",0.75,NA,2,"2",FALSE,10,"10",64.5131349908946,0.371113460312593,-1.55915922955843,FALSE,0.0897331975670765
"SAM",1999,6,13.5056,3,"NScodindicesQ3&Q4","NScodindicesQ3&Q4",0.75,NA,2,"2",FALSE,11,"11",31.8874571021302,0.371113460312593,-2.3149478954714,FALSE,0.107042535701336
"SAM",1999,7,7.3578,3,"NScodindicesQ3&Q4","NScodindicesQ3&Q4",0.75,NA,2,"2",TRUE,11,"11",21.6896212659839,0.371113460312593,-2.91305221733192,FALSE,0.107042535701336
"SAM",1999,1,8743.86599999999,4,"NScodrecruitmentindex","NScodrecruitmentindex",0,NA,3,"3",FALSE,12,"12",2035.78984257582,1.07977110136855,1.3497939993889,FALSE,0.00663255880333795
"SAM",2000,1,2929.372,2,"NScodindicesQ1","NScodindicesQ1",0.125,NA,1,"1",FALSE,0,"0",3260.30129477577,0.28819880731742,-0.371380951328501,FALSE,0.00794035853360521
"SAM",2000,2,3091.949,2,"NScodindicesQ1","NScodindicesQ1",0.125,NA,1,"1",FALSE,1,"1",2976.32200716231,0.28819880731742,0.132246640145592,FALSE,0.0492873677648211
"SAM",2000,3,563.4292,2,"NScodindicesQ1","NScodindicesQ1",0.125,NA,1,"1",FALSE,2,"2",551.043918073784,0.28819880731742,0.0771244350126705,FALSE,0.0800766944308678
"SAM",2000,4,930.703,2,"NScodindicesQ1","NScodindicesQ1",0.125,NA,1,"1",FALSE,3,"3",766.966379512237,0.28819880731742,0.671401973218601,FALSE,0.0911771628123248
"SAM",2000,5,170.1712,2,"NScodindicesQ1","NScodindicesQ1",0.125,NA,1,"1",FALSE,4,"4",119.315249429599,0.28819880731742,1.23191295369544,FALSE,0.102698997910182
"SAM",2000,6,107.1061,2,"NScodindicesQ1","NScodindicesQ1",0.125,NA,1,"1",FALSE,5,"5",67.5147183360609,0.28819880731742,1.60123601034542,FALSE,0.122301110739395
"SAM",2000,7,83.5659,2,"NScodindicesQ1","NScodindicesQ1",0.125,NA,1,"1",TRUE,5,"5",48.8812859749621,0.28819880731742,1.86066321300737,FALSE,0.122301110739395
"SAM",2000,1,5398.389,3,"NScodindicesQ3&Q4","NScodindicesQ3&Q4",0.75,NA,2,"2",FALSE,6,"6",4678.04241007237,0.371113460312593,0.385921980920743,FALSE,0.0256213015997414
"SAM",2000,2,993.8968,3,"NScodindicesQ3&Q4","NScodindicesQ3&Q4",0.75,NA,2,"2",FALSE,7,"7",1160.86346753636,0.371113460312593,-0.418432673666936,FALSE,0.0564557212821385
"SAM",2000,3,105.2203,3,"NScodindicesQ3&Q4","NScodindicesQ3&Q4",0.75,NA,2,"2",FALSE,8,"8",206.874359211096,0.371113460312593,-1.82169463920948,FALSE,0.082761844318646
"SAM",2000,4,259.0985,3,"NScodindicesQ3&Q4","NScodindicesQ3&Q4",0.75,NA,2,"2",FALSE,9,"9",318.467770782859,0.371113460312593,-0.555929663135639,FALSE,0.0948940048046032
"SAM",2000,5,28.4615,3,"NScodindicesQ3&Q4","NScodindicesQ3&Q4",0.75,NA,2,"2",FALSE,10,"10",44.7365159480499,0.371113460312593,-1.2185970902617,FALSE,0.0897331975670765
"SAM",2000,6,27.2122,3,"NScodindicesQ3&Q4","NScodindicesQ3&Q4",0.75,NA,2,"2",FALSE,11,"11",27.3870766955217,0.371113460312593,-0.0172611538330491,FALSE,0.107042535701336
"SAM",2000,7,31.807,3,"NScodindicesQ3&Q4","NScodindicesQ3&Q4",0.75,NA,2,"2",TRUE,11,"11",22.1702076015046,0.371113460312593,0.972578583882378,FALSE,0.107042535701336
"SAM",2000,1,2077.949,4,"NScodrecruitmentindex","NScodrecruitmentindex",0,NA,3,"3",FALSE,12,"12",3202.50387837707,1.07977110136855,-0.400595659339535,FALSE,0.00663255880333795
"SAM",2001,1,1491.854,2,"NScodindicesQ1","NScodindicesQ1",0.125,NA,1,"1",FALSE,0,"0",1025.10009753958,0.28819880731742,1.30198102240506,FALSE,0.00794035853360521
"SAM",2001,2,5556.68,2,"NScodindicesQ1","NScodindicesQ1",0.125,NA,1,"1",FALSE,1,"1",5674.26029477833,0.28819880731742,-0.0726561047303514,FALSE,0.0492873677648211
"SAM",2001,3,902.418,2,"NScodindicesQ1","NScodindicesQ1",0.125,NA,1,"1",FALSE,2,"2",920.27156018469,0.28819880731742,-0.0679772877291049,FALSE,0.0800766944308678
"SAM",2001,4,225.6378,2,"NScodindicesQ1","NScodindicesQ1",0.125,NA,1,"1",FALSE,3,"3",166.23835748719,0.28819880731742,1.06006133298095,FALSE,0.0911771628123248
"SAM",2001,5,200.6542,2,"NScodindicesQ1","NScodindicesQ1",0.125,NA,1,"1",FALSE,4,"4",179.087788014876,0.28819880731742,0.394543294851362,FALSE,0.102698997910182
"SAM",2001,6,43.1287,2,"NScodindicesQ1","NScodindicesQ1",0.125,NA,1,"1",FALSE,5,"5",36.6239954491717,0.28819880731742,0.567264768866438,FALSE,0.122301110739395
"SAM",2001,7,41.3299,2,"NScodindicesQ1","NScodindicesQ1",0.125,NA,1,"1",TRUE,5,"5",38.4151874834735,0.28819880731742,0.253759968225084,FALSE,0.122301110739395
"SAM",2001,1,1504.965,3,"NScodindicesQ3&Q4","NScodindicesQ3&Q4",0.75,NA,2,"2",FALSE,6,"6",1506.15531324042,0.371113460312593,-0.00213037701404539,FALSE,0.0256213015997414
"SAM",2001,2,1830.505,3,"NScodindicesQ3&Q4","NScodindicesQ3&Q4",0.75,NA,2,"2",FALSE,7,"7",2463.92467213829,0.371113460312593,-0.800735140441037,FALSE,0.0564557212821385
"SAM",2001,3,341.2581,3,"NScodindicesQ3&Q4","NScodindicesQ3&Q4",0.75,NA,2,"2",FALSE,8,"8",412.231975217673,0.371113460312593,-0.509135817662659,FALSE,0.082761844318646
"SAM",2001,4,74.9414,3,"NScodindicesQ3&Q4","NScodindicesQ3&Q4",0.75,NA,2,"2",FALSE,9,"9",83.1272825705733,0.371113460312593,-0.279339054973413,FALSE,0.0948940048046032
"SAM",2001,5,42.9884,3,"NScodindicesQ3&Q4","NScodindicesQ3&Q4",0.75,NA,2,"2",FALSE,10,"10",79.9680024538254,0.371113460312593,-1.67252428127208,FALSE,0.0897331975670765
"SAM",2001,6,25.6839,3,"NScodindicesQ3&Q4","NScodindicesQ3&Q4",0.75,NA,2,"2",FALSE,11,"11",17.4446145880693,0.371113460312593,1.04235872960018,FALSE,0.107042535701336
"SAM",2001,7,37.7335,3,"NScodindicesQ3&Q4","NScodindicesQ3&Q4",0.75,NA,2,"2",TRUE,11,"11",19.9337395725518,0.371113460312593,1.71951333034412,FALSE,0.107042535701336
"SAM",2001,1,1381.661,4,"NScodrecruitmentindex","NScodrecruitmentindex",0,NA,3,"3",FALSE,12,"12",1002.16398129295,1.07977110136855,0.297400768476786,FALSE,0.00663255880333795
"SAM",2002,1,3593.923,2,"NScodindicesQ1","NScodindicesQ1",0.125,NA,1,"1",FALSE,0,"0",2348.67575017684,0.28819880731742,1.47603908820314,FALSE,0.00794035853360521
"SAM",2002,2,2045.866,2,"NScodindicesQ1","NScodindicesQ1",0.125,NA,1,"1",FALSE,1,"1",2006.62040147524,0.28819880731742,0.0672079710363484,FALSE,0.0492873677648211
"SAM",2002,3,2151.624,2,"NScodindicesQ1","NScodindicesQ1",0.125,NA,1,"1",FALSE,2,"2",1941.39207548771,0.28819880731742,0.356759371658344,FALSE,0.0800766944308678
"SAM",2002,4,295.2112,2,"NScodindicesQ1","NScodindicesQ1",0.125,NA,1,"1",FALSE,3,"3",325.969029738561,0.28819880731742,-0.343899215227222,FALSE,0.0911771628123248
"SAM",2002,5,55.8532,2,"NScodindicesQ1","NScodindicesQ1",0.125,NA,1,"1",FALSE,4,"4",65.9526513969698,0.28819880731742,-0.576720850572878,FALSE,0.102698997910182
"SAM",2002,6,65.8824,2,"NScodindicesQ1","NScodindicesQ1",0.125,NA,1,"1",FALSE,5,"5",68.9352157079851,0.28819880731742,-0.157168680440991,FALSE,0.122301110739395
"SAM",2002,7,26.1944,2,"NScodindicesQ1","NScodindicesQ1",0.125,NA,1,"1",TRUE,5,"5",26.2790072299183,0.28819880731742,-0.0111893898182586,FALSE,0.122301110739395
"SAM",2002,1,4257.783,3,"NScodindicesQ3&Q4","NScodindicesQ3&Q4",0.75,NA,2,"2",FALSE,6,"6",3393.05740903896,0.371113460312593,0.611719113024485,FALSE,0.0256213015997414
"SAM",2002,2,844.4908,3,"NScodindicesQ3&Q4","NScodindicesQ3&Q4",0.75,NA,2,"2",FALSE,7,"7",808.420150790201,0.371113460312593,0.117624217014419,FALSE,0.0564557212821385
"SAM",2002,3,752.2656,3,"NScodindicesQ3&Q4","NScodindicesQ3&Q4",0.75,NA,2,"2",FALSE,8,"8",787.295481166682,0.371113460312593,-0.122642216736394,FALSE,0.082761844318646
"SAM",2002,4,210.2454,3,"NScodindicesQ3&Q4","NScodindicesQ3&Q4",0.75,NA,2,"2",FALSE,9,"9",151.351537700385,0.371113460312593,0.885632723502165,FALSE,0.0948940048046032
"SAM",2002,5,49.4394,3,"NScodindicesQ3&Q4","NScodindicesQ3&Q4",0.75,NA,2,"2",FALSE,10,"10",28.0222354994796,0.371113460312593,1.52985385296732,FALSE,0.0897331975670765
"SAM",2002,6,17.4039,3,"NScodindicesQ3&Q4","NScodindicesQ3&Q4",0.75,NA,2,"2",FALSE,11,"11",31.5323387051193,0.371113460312593,-1.60144912349539,FALSE,0.107042535701336
"SAM",2002,7,5.4799,3,"NScodindicesQ3&Q4","NScodindicesQ3&Q4",0.75,NA,2,"2",TRUE,11,"11",13.2850100682538,0.371113460312593,-2.38619608061007,FALSE,0.107042535701336
"SAM",2002,1,14304.11,4,"NScodrecruitmentindex","NScodrecruitmentindex",0,NA,3,"3",FALSE,12,"12",2303.89481057822,1.07977110136855,1.69104898212544,FALSE,0.00663255880333795
"SAM",2003,1,465.3276,2,"NScodindicesQ1","NScodindicesQ1",0.125,NA,1,"1",FALSE,0,"0",668.663896904879,0.28819880731742,-1.2579506048006,FALSE,0.00794035853360521
"SAM",2003,2,2997.389,2,"NScodindicesQ1","NScodindicesQ1",0.125,NA,1,"1",FALSE,1,"1",2759.05630665005,0.28819880731742,0.287485134878348,FALSE,0.0492873677648211
"SAM",2003,3,556.5856,2,"NScodindicesQ1","NScodindicesQ1",0.125,NA,1,"1",FALSE,2,"2",619.144035108094,0.28819880731742,-0.369595416475132,FALSE,0.0800766944308678
"SAM",2003,4,550.8467,2,"NScodindicesQ1","NScodindicesQ1",0.125,NA,1,"1",FALSE,3,"3",493.471151432927,0.28819880731742,0.381653727028383,FALSE,0.0911771628123248
"SAM",2003,5,163.9497,2,"NScodindicesQ1","NScodindicesQ1",0.125,NA,1,"1",FALSE,4,"4",104.372970782055,0.28819880731742,1.56693546476917,FALSE,0.102698997910182
"SAM",2003,6,39.3579,2,"NScodindicesQ1","NScodindicesQ1",0.125,NA,1,"1",FALSE,5,"5",27.8821484221151,0.28819880731742,1.19608432030171,FALSE,0.122301110739395
"SAM",2003,7,47.7939,2,"NScodindicesQ1","NScodindicesQ1",0.125,NA,1,"1",TRUE,5,"5",33.8848042322113,0.28819880731742,1.19338229862404,FALSE,0.122301110739395
"SAM",2003,1,683.5947,3,"NScodindicesQ3&Q4","NScodindicesQ3&Q4",0.75,NA,2,"2",FALSE,6,"6",982.457807235803,0.371113460312593,-0.977308125895291,FALSE,0.0256213015997414
"SAM",2003,2,1097.59,3,"NScodindicesQ3&Q4","NScodindicesQ3&Q4",0.75,NA,2,"2",FALSE,7,"7",1243.60926320532,0.371113460312593,-0.336557398404013,FALSE,0.0564557212821385
"SAM",2003,3,257.0813,3,"NScodindicesQ3&Q4","NScodindicesQ3&Q4",0.75,NA,2,"2",FALSE,8,"8",301.64799061308,0.371113460312593,-0.430780295947287,FALSE,0.082761844318646
"SAM",2003,4,190.197,3,"NScodindicesQ3&Q4","NScodindicesQ3&Q4",0.75,NA,2,"2",FALSE,9,"9",276.523836221855,0.371113460312593,-1.00841571945673,FALSE,0.0948940048046032
"SAM",2003,5,86.4273,3,"NScodindicesQ3&Q4","NScodindicesQ3&Q4",0.75,NA,2,"2",FALSE,10,"10",52.9854473640934,0.371113460312593,1.31842779267207,FALSE,0.0897331975670765
"SAM",2003,6,66.6124,3,"NScodindicesQ3&Q4","NScodindicesQ3&Q4",0.75,NA,2,"2",FALSE,11,"11",15.082821789109,0.371113460312593,4.00237242481697,FALSE,0.107042535701336
"SAM",2003,7,29.6519,3,"NScodindicesQ3&Q4","NScodindicesQ3&Q4",0.75,NA,2,"2",TRUE,11,"11",19.6698796025937,0.371113460312593,1.1059628299971,FALSE,0.107042535701336
"SAM",2003,1,442.0287,4,"NScodrecruitmentindex","NScodrecruitmentindex",0,NA,3,"3",FALSE,12,"12",653.702099738691,1.07977110136855,-0.362370256162866,FALSE,0.00663255880333795
"SAM",2004,1,3287.726,2,"NScodindicesQ1","NScodindicesQ1",0.125,NA,1,"1",FALSE,0,"0",1980.41551281852,0.28819880731742,1.75881873855598,FALSE,0.00794035853360521
"SAM",2004,2,1385.741,2,"NScodindicesQ1","NScodindicesQ1",0.125,NA,1,"1",FALSE,1,"1",1434.45545864934,0.28819880731742,-0.119883533080862,FALSE,0.0492873677648211
"SAM",2004,3,963.5615,2,"NScodindicesQ1","NScodindicesQ1",0.125,NA,1,"1",FALSE,2,"2",961.003021546362,0.28819880731742,0.0092254457784473,FALSE,0.0800766944308678
"SAM",2004,4,241.6337,2,"NScodindicesQ1","NScodindicesQ1",0.125,NA,1,"1",FALSE,3,"3",223.948332766324,0.28819880731742,0.263733135606562,FALSE,0.0911771628123248
"SAM",2004,5,210.4317,2,"NScodindicesQ1","NScodindicesQ1",0.125,NA,1,"1",FALSE,4,"4",188.251611763951,0.28819880731742,0.38647525116501,FALSE,0.102698997910182
"SAM",2004,6,62.7861,2,"NScodindicesQ1","NScodindicesQ1",0.125,NA,1,"1",FALSE,5,"5",45.670314348217,0.28819880731742,1.10439458146957,FALSE,0.122301110739395
"SAM",2004,7,20.8602,2,"NScodindicesQ1","NScodindicesQ1",0.125,NA,1,"1",TRUE,5,"5",21.9282790594005,0.28819880731742,-0.173262506869487,FALSE,0.122301110739395
"SAM",2004,1,2986.024,3,"NScodindicesQ3&Q4","NScodindicesQ3&Q4",0.75,NA,2,"2",FALSE,6,"6",2862.46126032924,0.371113460312593,0.113875959330957,FALSE,0.0256213015997414
"SAM",2004,2,677.3039,3,"NScodindicesQ3&Q4","NScodindicesQ3&Q4",0.75,NA,2,"2",FALSE,7,"7",610.002615298357,0.371113460312593,0.282007609589244,FALSE,0.0564557212821385
"SAM",2004,3,451.1286,3,"NScodindicesQ3&Q4","NScodindicesQ3&Q4",0.75,NA,2,"2",FALSE,8,"8",433.962450697032,0.371113460312593,0.104535232222954,FALSE,0.082761844318646
"SAM",2004,4,80.1493,3,"NScodindicesQ3&Q4","NScodindicesQ3&Q4",0.75,NA,2,"2",FALSE,9,"9",117.748464281322,0.371113460312593,-1.03650119534243,FALSE,0.0948940048046032
"SAM",2004,5,69.3981,3,"NScodindicesQ3&Q4","NScodindicesQ3&Q4",0.75,NA,2,"2",FALSE,10,"10",89.7833662798834,0.371113460312593,-0.693966307719623,FALSE,0.0897331975670765
"SAM",2004,6,21.0286,3,"NScodindicesQ3&Q4","NScodindicesQ3&Q4",0.75,NA,2,"2",FALSE,11,"11",23.5130425645603,0.371113460312593,-0.30091027663627,FALSE,0.107042535701336
"SAM",2004,7,NA,3,"NScodindicesQ3&Q4","NScodindicesQ3&Q4",0.75,NA,2,"2",TRUE,11,"11",12.3757943083939,0.371113460312593,NA,FALSE,0.107042535701336
"SAM",2004,1,4412.078,4,"NScodrecruitmentindex","NScodrecruitmentindex",0,NA,3,"3",FALSE,12,"12",1942.46352040824,1.07977110136855,0.759780249611789,FALSE,0.00663255880333795
"SAM",2005,1,1160.812,2,"NScodindicesQ1","NScodindicesQ1",0.125,NA,1,"1",FALSE,0,"0",1207.00073252175,0.28819880731742,-0.135388446400701,FALSE,0.00794035853360521
"SAM",2005,2,2201.939,2,"NScodindicesQ1","NScodindicesQ1",0.125,NA,1,"1",FALSE,1,"1",2442.43551382209,0.28819880731742,-0.35967312985383,FALSE,0.0492873677648211
"SAM",2005,3,490.3356,2,"NScodindicesQ1","NScodindicesQ1",0.125,NA,1,"1",FALSE,2,"2",547.495916012224,0.28819880731742,-0.382600291522721,FALSE,0.0800766944308678
"SAM",2005,4,326.7493,2,"NScodindicesQ1","NScodindicesQ1",0.125,NA,1,"1",FALSE,3,"3",272.174420938854,0.28819880731742,0.634111215309765,FALSE,0.0911771628123248
"SAM",2005,5,71.6614,2,"NScodindicesQ1","NScodindicesQ1",0.125,NA,1,"1",FALSE,4,"4",85.7531098073811,0.28819880731742,-0.622903698483958,FALSE,0.102698997910182
"SAM",2005,6,102.0845,2,"NScodindicesQ1","NScodindicesQ1",0.125,NA,1,"1",FALSE,5,"5",84.2469435149929,0.28819880731742,0.666375456803475,FALSE,0.122301110739395
"SAM",2005,7,28.8093,2,"NScodindicesQ1","NScodindicesQ1",0.125,NA,1,"1",TRUE,5,"5",26.409825733379,0.28819880731742,0.301743524594417,FALSE,0.122301110739395
"SAM",2005,1,1070.553,3,"NScodindicesQ3&Q4","NScodindicesQ3&Q4",0.75,NA,2,"2",FALSE,6,"6",1729.30303745554,0.371113460312593,-1.29217388399931,FALSE,0.0256213015997414
"SAM",2005,2,741.7808,3,"NScodindicesQ3&Q4","NScodindicesQ3&Q4",0.75,NA,2,"2",FALSE,7,"7",1020.44550292059,0.371113460312593,-0.859415868372138,FALSE,0.0564557212821385
"SAM",2005,3,206.3473,3,"NScodindicesQ3&Q4","NScodindicesQ3&Q4",0.75,NA,2,"2",FALSE,8,"8",243.096624715207,0.371113460312593,-0.441639398346147,FALSE,0.082761844318646
"SAM",2005,4,117.9415,3,"NScodindicesQ3&Q4","NScodindicesQ3&Q4",0.75,NA,2,"2",FALSE,9,"9",140.737953918266,0.371113460312593,-0.476164188265672,FALSE,0.0948940048046032
"SAM",2005,5,27.5759,3,"NScodindicesQ3&Q4","NScodindicesQ3&Q4",0.75,NA,2,"2",FALSE,10,"10",39.4316096714404,0.371113460312593,-0.963655609284536,FALSE,0.0897331975670765
"SAM",2005,6,34.5448,3,"NScodindicesQ3&Q4","NScodindicesQ3&Q4",0.75,NA,2,"2",FALSE,11,"11",41.7023579903068,0.371113460312593,-0.507393725906508,FALSE,0.107042535701336
"SAM",2005,7,13.5189,3,"NScodindicesQ3&Q4","NScodindicesQ3&Q4",0.75,NA,2,"2",TRUE,11,"11",14.5301904205924,0.371113460312593,-0.194387658204618,FALSE,0.107042535701336
"SAM",2005,1,1801.992,4,"NScodrecruitmentindex","NScodrecruitmentindex",0,NA,3,"3",FALSE,12,"12",1185.9545103261,1.07977110136855,0.387438388411565,FALSE,0.00663255880333795
"SAM",2006,1,3753.411,2,"NScodindicesQ1","NScodindicesQ1",0.125,NA,1,"1",FALSE,0,"0",2871.69333536649,0.28819880731742,0.929091833980084,FALSE,0.00794035853360521
"SAM",2006,2,1210.732,2,"NScodindicesQ1","NScodindicesQ1",0.125,NA,1,"1",FALSE,1,"1",2490.58591170527,0.28819880731742,-2.50276140988753,FALSE,0.0492873677648211
"SAM",2006,3,716.1757,2,"NScodindicesQ1","NScodindicesQ1",0.125,NA,1,"1",FALSE,2,"2",860.722720500048,0.28819880731742,-0.637916869952533,FALSE,0.0800766944308678
"SAM",2006,4,180.702,2,"NScodindicesQ1","NScodindicesQ1",0.125,NA,1,"1",FALSE,3,"3",179.69360809293,0.28819880731742,0.0194172986998652,FALSE,0.0911771628123248
"SAM",2006,5,72.2335,2,"NScodindicesQ1","NScodindicesQ1",0.125,NA,1,"1",FALSE,4,"4",86.9698550832641,0.28819880731742,-0.644199883529497,FALSE,0.102698997910182
"SAM",2006,6,46.7169,2,"NScodindicesQ1","NScodindicesQ1",0.125,NA,1,"1",FALSE,5,"5",39.4365520335588,0.28819880731742,0.587833386012627,FALSE,0.122301110739395
"SAM",2006,7,68.0341,2,"NScodindicesQ1","NScodindicesQ1",0.125,NA,1,"1",TRUE,5,"5",44.0403337567272,0.28819880731742,1.50903872157457,FALSE,0.122301110739395
"SAM",2006,1,4123.296,3,"NScodindicesQ3&Q4","NScodindicesQ3&Q4",0.75,NA,2,"2",FALSE,6,"6",4070.20723452476,0.371113460312593,0.0349190454832433,FALSE,0.0256213015997414
"SAM",2006,2,731.0078,3,"NScodindicesQ3&Q4","NScodindicesQ3&Q4",0.75,NA,2,"2",FALSE,7,"7",1018.39109657077,0.371113460312593,-0.893406491783408,FALSE,0.0564557212821385
"SAM",2006,3,515.7753,3,"NScodindicesQ3&Q4","NScodindicesQ3&Q4",0.75,NA,2,"2",FALSE,8,"8",380.440126289552,0.371113460312593,0.820079109218454,FALSE,0.082761844318646
"SAM",2006,4,102.2741,3,"NScodindicesQ3&Q4","NScodindicesQ3&Q4",0.75,NA,2,"2",FALSE,9,"9",93.5610243167623,0.371113460312593,0.239933561039154,FALSE,0.0948940048046032
"SAM",2006,5,14.9351,3,"NScodindicesQ3&Q4","NScodindicesQ3&Q4",0.75,NA,2,"2",FALSE,10,"10",39.4338080136872,0.371113460312593,-2.61620629884915,FALSE,0.0897331975670765
"SAM",2006,6,14.7201,3,"NScodindicesQ3&Q4","NScodindicesQ3&Q4",0.75,NA,2,"2",FALSE,11,"11",19.0403052897318,0.371113460312593,-0.69343794856313,FALSE,0.107042535701336
"SAM",2006,7,12.8799,3,"NScodindicesQ3&Q4","NScodindicesQ3&Q4",0.75,NA,2,"2",TRUE,11,"11",23.7760830366412,0.371113460312593,-1.65181883674686,FALSE,0.107042535701336
"SAM",2006,1,3526.953,4,"NScodrecruitmentindex","NScodrecruitmentindex",0,NA,3,"3",FALSE,12,"12",2827.71463467981,1.07977110136855,0.204641047796359,FALSE,0.00663255880333795
"SAM",2007,1,1694.167,2,"NScodindicesQ1","NScodindicesQ1",0.125,NA,1,"1",FALSE,0,"0",1594.58747294171,0.28819880731742,0.210188619583229,FALSE,0.00794035853360521
"SAM",2007,2,4401.693,2,"NScodindicesQ1","NScodindicesQ1",0.125,NA,1,"1",FALSE,1,"1",4653.13798821052,0.28819880731742,-0.192757871018521,FALSE,0.0492873677648211
"SAM",2007,3,759.2908,2,"NScodindicesQ1","NScodindicesQ1",0.125,NA,1,"1",FALSE,2,"2",769.829384107764,0.28819880731742,-0.0478283432890403,FALSE,0.0800766944308678
"SAM",2007,4,245.2767,2,"NScodindicesQ1","NScodindicesQ1",0.125,NA,1,"1",FALSE,3,"3",298.610973526669,0.28819880731742,-0.682704675851536,FALSE,0.0911771628123248
"SAM",2007,5,84.2444,2,"NScodindicesQ1","NScodindicesQ1",0.125,NA,1,"1",FALSE,4,"4",86.4500423163782,0.28819880731742,-0.0896763025453879,FALSE,0.102698997910182
"SAM",2007,6,62.0629,2,"NScodindicesQ1","NScodindicesQ1",0.125,NA,1,"1",FALSE,5,"5",43.824553039512,0.28819880731742,1.20734071781932,FALSE,0.122301110739395
"SAM",2007,7,42.9332,2,"NScodindicesQ1","NScodindicesQ1",0.125,NA,1,"1",TRUE,5,"5",33.8182855997935,0.28819880731742,0.82805259101316,FALSE,0.122301110739395
"SAM",2007,1,2219.283,3,"NScodindicesQ3&Q4","NScodindicesQ3&Q4",0.75,NA,2,"2",FALSE,6,"6",2274.76953907281,0.371113460312593,-0.0665418467982857,FALSE,0.0256213015997414
"SAM",2007,2,2622.998,3,"NScodindicesQ3&Q4","NScodindicesQ3&Q4",0.75,NA,2,"2",FALSE,7,"7",2046.67971570227,0.371113460312593,0.66852630181847,FALSE,0.0564557212821385
"SAM",2007,3,427.6399,3,"NScodindicesQ3&Q4","NScodindicesQ3&Q4",0.75,NA,2,"2",FALSE,8,"8",376.485088231552,0.371113460312593,0.343299448183609,FALSE,0.082761844318646
"SAM",2007,4,165.2211,3,"NScodindicesQ3&Q4","NScodindicesQ3&Q4",0.75,NA,2,"2",FALSE,9,"9",169.539453453323,0.371113460312593,-0.0695234458704572,FALSE,0.0948940048046032
"SAM",2007,5,62.4754,3,"NScodindicesQ3&Q4","NScodindicesQ3&Q4",0.75,NA,2,"2",FALSE,10,"10",42.0816729492004,0.371113460312593,1.06479715096337,FALSE,0.0897331975670765
"SAM",2007,6,36.6291,3,"NScodindicesQ3&Q4","NScodindicesQ3&Q4",0.75,NA,2,"2",FALSE,11,"11",22.3116057635707,0.371113460312593,1.33580718180683,FALSE,0.107042535701336
"SAM",2007,7,27.5481,3,"NScodindicesQ3&Q4","NScodindicesQ3&Q4",0.75,NA,2,"2",TRUE,11,"11",18.9580029392904,0.371113460312593,1.00698963146101,FALSE,0.107042535701336
"SAM",2007,1,2657.915,4,"NScodrecruitmentindex","NScodrecruitmentindex",0,NA,3,"3",FALSE,12,"12",1568.13608372337,1.07977110136855,0.488672343544093,FALSE,0.00663255880333795
"SAM",2008,1,1592.349,2,"NScodindicesQ1","NScodindicesQ1",0.125,NA,1,"1",FALSE,0,"0",1425.20453646382,0.28819880731742,0.384786279143144,FALSE,0.00794035853360521
"SAM",2008,2,1366.728,2,"NScodindicesQ1","NScodindicesQ1",0.125,NA,1,"1",FALSE,1,"1",2063.64187840142,0.28819880731742,-1.4297517945685,FALSE,0.0492873677648211
"SAM",2008,3,1680.363,2,"NScodindicesQ1","NScodindicesQ1",0.125,NA,1,"1",FALSE,2,"2",1714.14187994006,0.28819880731742,-0.0690591072388189,FALSE,0.0800766944308678
"SAM",2008,4,309.8366,2,"NScodindicesQ1","NScodindicesQ1",0.125,NA,1,"1",FALSE,3,"3",268.119153836237,0.28819880731742,0.50178408965789,FALSE,0.0911771628123248
"SAM",2008,5,157.7952,2,"NScodindicesQ1","NScodindicesQ1",0.125,NA,1,"1",FALSE,4,"4",133.489487389472,0.28819880731742,0.580416215673486,FALSE,0.102698997910182
"SAM",2008,6,40.585,2,"NScodindicesQ1","NScodindicesQ1",0.125,NA,1,"1",FALSE,5,"5",45.6195068460516,0.28819880731742,-0.405750695621564,FALSE,0.122301110739395
"SAM",2008,7,23.0688,2,"NScodindicesQ1","NScodindicesQ1",0.125,NA,1,"1",TRUE,5,"5",30.0568213831725,0.28819880731742,-0.918145996366716,FALSE,0.122301110739395
"SAM",2008,1,2377.881,3,"NScodindicesQ3&Q4","NScodindicesQ3&Q4",0.75,NA,2,"2",FALSE,6,"6",2032.96709124529,0.371113460312593,0.422278964509191,FALSE,0.0256213015997414
"SAM",2008,2,1108.409,3,"NScodindicesQ3&Q4","NScodindicesQ3&Q4",0.75,NA,2,"2",FALSE,7,"7",929.149777813532,0.371113460312593,0.475355924920415,FALSE,0.0564557212821385
"SAM",2008,3,1064.059,3,"NScodindicesQ3&Q4","NScodindicesQ3&Q4",0.75,NA,2,"2",FALSE,8,"8",852.056588891846,0.371113460312593,0.598720336885854,FALSE,0.082761844318646
"SAM",2008,4,206.3202,3,"NScodindicesQ3&Q4","NScodindicesQ3&Q4",0.75,NA,2,"2",FALSE,9,"9",152.230176395005,0.371113460312593,0.819252518822439,FALSE,0.0948940048046032
"SAM",2008,5,76.3263,3,"NScodindicesQ3&Q4","NScodindicesQ3&Q4",0.75,NA,2,"2",FALSE,10,"10",63.3231699926442,0.371113460312593,0.503259229484626,FALSE,0.0897331975670765
"SAM",2008,6,24.7601,3,"NScodindicesQ3&Q4","NScodindicesQ3&Q4",0.75,NA,2,"2",FALSE,11,"11",22.3079748438825,0.371113460312593,0.281017173665456,FALSE,0.107042535701336
"SAM",2008,7,12.2418,3,"NScodindicesQ3&Q4","NScodindicesQ3&Q4",0.75,NA,2,"2",TRUE,11,"11",16.2587175100981,0.371113460312593,-0.76465267995562,FALSE,0.107042535701336
"SAM",2008,1,6746.55000000001,4,"NScodrecruitmentindex","NScodrecruitmentindex",0,NA,3,"3",FALSE,12,"12",1401.5860848998,1.07977110136855,1.45533321643828,FALSE,0.00663255880333795
"SAM",2009,1,1010.598,2,"NScodindicesQ1","NScodindicesQ1",0.125,NA,1,"1",FALSE,0,"0",1338.01298950051,0.28819880731742,-0.973784165058429,FALSE,0.00794035853360521
"SAM",2009,2,1886.874,2,"NScodindicesQ1","NScodindicesQ1",0.125,NA,1,"1",FALSE,1,"1",2197.8867242632,0.28819880731742,-0.529408253800769,FALSE,0.0492873677648211
"SAM",2009,3,666.1222,2,"NScodindicesQ1","NScodindicesQ1",0.125,NA,1,"1",FALSE,2,"2",758.960561721952,0.28819880731742,-0.452731498879634,FALSE,0.0800766944308678
"SAM",2009,4,444.2434,2,"NScodindicesQ1","NScodindicesQ1",0.125,NA,1,"1",FALSE,3,"3",562.01167667553,0.28819880731742,-0.815929873009151,FALSE,0.0911771628123248
"SAM",2009,5,110.2308,2,"NScodindicesQ1","NScodindicesQ1",0.125,NA,1,"1",FALSE,4,"4",113.38029144242,0.28819880731742,-0.0977492937813284,FALSE,0.102698997910182
"SAM",2009,6,62.5726,2,"NScodindicesQ1","NScodindicesQ1",0.125,NA,1,"1",FALSE,5,"5",53.8469079433108,0.28819880731742,0.521107293467653,FALSE,0.122301110739395
"SAM",2009,7,47.821,2,"NScodindicesQ1","NScodindicesQ1",0.125,NA,1,"1",TRUE,5,"5",32.4148347942409,0.28819880731742,1.3492376847533,FALSE,0.122301110739395
"SAM",2009,1,1963.101,3,"NScodindicesQ3&Q4","NScodindicesQ3&Q4",0.75,NA,2,"2",FALSE,6,"6",1905.32362855444,0.371113460312593,0.08049691299069,FALSE,0.0256213015997414
"SAM",2009,2,814.6872,3,"NScodindicesQ3&Q4","NScodindicesQ3&Q4",0.75,NA,2,"2",FALSE,7,"7",1001.59712781477,0.371113460312593,-0.55655997139601,FALSE,0.0564557212821385
"SAM",2009,3,281.1728,3,"NScodindicesQ3&Q4","NScodindicesQ3&Q4",0.75,NA,2,"2",FALSE,8,"8",378.306576267058,0.371113460312593,-0.799581583547142,FALSE,0.082761844318646
"SAM",2009,4,252.5537,3,"NScodindicesQ3&Q4","NScodindicesQ3&Q4",0.75,NA,2,"2",FALSE,9,"9",315.156503533896,0.371113460312593,-0.596705526394044,FALSE,0.0948940048046032
"SAM",2009,5,50.2201,3,"NScodindicesQ3&Q4","NScodindicesQ3&Q4",0.75,NA,2,"2",FALSE,10,"10",52.2934100703342,0.371113460312593,-0.109009831259005,FALSE,0.0897331975670765
"SAM",2009,6,23.0902,3,"NScodindicesQ3&Q4","NScodindicesQ3&Q4",0.75,NA,2,"2",FALSE,11,"11",25.4018796540068,0.371113460312593,-0.257104358988018,FALSE,0.107042535701336
"SAM",2009,7,30.5974,3,"NScodindicesQ3&Q4","NScodindicesQ3&Q4",0.75,NA,2,"2",TRUE,11,"11",17.0191225005259,0.371113460312593,1.58058797619149,FALSE,0.107042535701336
"SAM",2009,1,557.5398,4,"NScodrecruitmentindex","NScodrecruitmentindex",0,NA,3,"3",FALSE,12,"12",1316.29083198211,1.07977110136855,-0.795575277395826,FALSE,0.00663255880333795
"SAM",2010,1,2401.98,2,"NScodindicesQ1","NScodindicesQ1",0.125,NA,1,"1",FALSE,0,"0",1852.64826908867,0.28819880731742,0.901035251899316,FALSE,0.00794035853360521
"SAM",2010,2,2705.934,2,"NScodindicesQ1","NScodindicesQ1",0.125,NA,1,"1",FALSE,1,"1",2679.79960757102,0.28819880731742,0.0336750900008061,FALSE,0.0492873677648211
"SAM",2010,3,876.0329,2,"NScodindicesQ1","NScodindicesQ1",0.125,NA,1,"1",FALSE,2,"2",905.009691572206,0.28819880731742,-0.112915128123835,FALSE,0.0800766944308678
"SAM",2010,4,243.9688,2,"NScodindicesQ1","NScodindicesQ1",0.125,NA,1,"1",FALSE,3,"3",291.950976985695,0.28819880731742,-0.622992005223009,FALSE,0.0911771628123248
"SAM",2010,5,178.2661,2,"NScodindicesQ1","NScodindicesQ1",0.125,NA,1,"1",FALSE,4,"4",238.908428970639,0.28819880731742,-1.01597560746581,FALSE,0.102698997910182
"SAM",2010,6,66.3466,2,"NScodindicesQ1","NScodindicesQ1",0.125,NA,1,"1",FALSE,5,"5",49.0508548698862,0.28819880731742,1.04800885357901,FALSE,0.122301110739395
"SAM",2010,7,23.5669,2,"NScodindicesQ1","NScodindicesQ1",0.125,NA,1,"1",TRUE,5,"5",24.4233216600632,0.28819880731742,-0.123856502755006,FALSE,0.122301110739395
"SAM",2010,1,2543.67,3,"NScodindicesQ3&Q4","NScodindicesQ3&Q4",0.75,NA,2,"2",FALSE,6,"6",2655.91859386457,0.371113460312593,-0.116359727628685,FALSE,0.0256213015997414
"SAM",2010,2,1588.844,3,"NScodindicesQ3&Q4","NScodindicesQ3&Q4",0.75,NA,2,"2",FALSE,7,"7",1286.76112801227,0.371113460312593,0.568231612879945,FALSE,0.0564557212821385
"SAM",2010,3,538.9357,3,"NScodindicesQ3&Q4","NScodindicesQ3&Q4",0.75,NA,2,"2",FALSE,8,"8",487.242849397241,0.371113460312593,0.271705601478586,FALSE,0.082761844318646
"SAM",2010,4,194.9417,3,"NScodindicesQ3&Q4","NScodindicesQ3&Q4",0.75,NA,2,"2",FALSE,9,"9",174.447006357045,0.371113460312593,0.299314210775278,FALSE,0.0948940048046032
"SAM",2010,5,116.2054,3,"NScodindicesQ3&Q4","NScodindicesQ3&Q4",0.75,NA,2,"2",FALSE,10,"10",115.958982028819,0.371113460312593,0.00572005543199852,FALSE,0.0897331975670765
"SAM",2010,6,23.8158,3,"NScodindicesQ3&Q4","NScodindicesQ3&Q4",0.75,NA,2,"2",FALSE,11,"11",24.026815932815,0.371113460312593,-0.0237698496920576,FALSE,0.107042535701336
"SAM",2010,7,4.2197,3,"NScodindicesQ3&Q4","NScodindicesQ3&Q4",0.75,NA,2,"2",TRUE,11,"11",13.0386316144671,0.371113460312593,-3.03991285314077,FALSE,0.107042535701336
"SAM",2010,1,1286.95,4,"NScodrecruitmentindex","NScodrecruitmentindex",0,NA,3,"3",FALSE,12,"12",1820.12757672801,1.07977110136855,-0.321023147846361,FALSE,0.00663255880333795
"SAM",2011,1,639.5146,2,"NScodindicesQ1","NScodindicesQ1",0.125,NA,1,"1",FALSE,0,"0",871.010807925011,0.28819880731742,-1.07198547140504,FALSE,0.00794035853360521
"SAM",2011,2,3970.479,2,"NScodindicesQ1","NScodindicesQ1",0.125,NA,1,"1",FALSE,1,"1",3476.27341116152,0.28819880731742,0.461229810158707,FALSE,0.0492873677648211
"SAM",2011,3,1041.425,2,"NScodindicesQ1","NScodindicesQ1",0.125,NA,1,"1",FALSE,2,"2",1218.44785071751,0.28819880731742,-0.544720601346353,FALSE,0.0800766944308678
"SAM",2011,4,333.4084,2,"NScodindicesQ1","NScodindicesQ1",0.125,NA,1,"1",FALSE,3,"3",357.065370063235,0.28819880731742,-0.237859101901718,FALSE,0.0911771628123248
"SAM",2011,5,159.3531,2,"NScodindicesQ1","NScodindicesQ1",0.125,NA,1,"1",FALSE,4,"4",145.417904753398,0.28819880731742,0.317526629211777,FALSE,0.102698997910182
"SAM",2011,6,114.1302,2,"NScodindicesQ1","NScodindicesQ1",0.125,NA,1,"1",FALSE,5,"5",120.196038672137,0.28819880731742,-0.179682088034393,FALSE,0.122301110739395
"SAM",2011,7,26.5728,2,"NScodindicesQ1","NScodindicesQ1",0.125,NA,1,"1",TRUE,5,"5",27.8898400556814,0.28819880731742,-0.16785055780502,FALSE,0.122301110739395
"SAM",2011,1,1096.79,3,"NScodindicesQ3&Q4","NScodindicesQ3&Q4",0.75,NA,2,"2",FALSE,6,"6",1258.27497256839,0.371113460312593,-0.370113176800162,FALSE,0.0256213015997414
"SAM",2011,2,2861.891,3,"NScodindicesQ3&Q4","NScodindicesQ3&Q4",0.75,NA,2,"2",FALSE,7,"7",1763.56298955952,0.371113460312593,1.30457786736888,FALSE,0.0564557212821385
"SAM",2011,3,1396.227,3,"NScodindicesQ3&Q4","NScodindicesQ3&Q4",0.75,NA,2,"2",FALSE,8,"8",718.844232648404,0.371113460312593,1.78889816387287,FALSE,0.082761844318646
"SAM",2011,4,374.1444,3,"NScodindicesQ3&Q4","NScodindicesQ3&Q4",0.75,NA,2,"2",FALSE,9,"9",232.16666592217,0.371113460312593,1.28582325579967,FALSE,0.0948940048046032
"SAM",2011,5,158.3673,3,"NScodindicesQ3&Q4","NScodindicesQ3&Q4",0.75,NA,2,"2",FALSE,10,"10",76.7919841661381,0.371113460312593,1.95039208816491,FALSE,0.0897331975670765
"SAM",2011,6,133.6471,3,"NScodindicesQ3&Q4","NScodindicesQ3&Q4",0.75,NA,2,"2",FALSE,11,"11",63.6535962167472,0.371113460312593,1.99870659496126,FALSE,0.107042535701336
"SAM",2011,7,15.7031,3,"NScodindicesQ3&Q4","NScodindicesQ3&Q4",0.75,NA,2,"2",TRUE,11,"11",15.7613507137019,0.371113460312593,-0.0099771127833236,FALSE,0.107042535701336
"SAM",2011,1,156.7219,4,"NScodrecruitmentindex","NScodrecruitmentindex",0,NA,3,"3",FALSE,12,"12",854.410058940631,1.07977110136855,-1.57064616935624,FALSE,0.00663255880333795
"SAM",2012,1,1846.131,2,"NScodindicesQ1","NScodindicesQ1",0.125,NA,1,"1",FALSE,0,"0",1815.28326734514,0.28819880731742,0.0584685698908417,FALSE,0.00794035853360521
"SAM",2012,2,1931.782,2,"NScodindicesQ1","NScodindicesQ1",0.125,NA,1,"1",FALSE,1,"1",1756.27936639599,0.28819880731742,0.330484774839119,FALSE,0.0492873677648211
"SAM",2012,3,2635.072,2,"NScodindicesQ1","NScodindicesQ1",0.125,NA,1,"1",FALSE,2,"2",1722.3220484075,0.28819880731742,1.47549915822253,FALSE,0.0800766944308678
"SAM",2012,4,653.5324,2,"NScodindicesQ1","NScodindicesQ1",0.125,NA,1,"1",FALSE,3,"3",540.121425477212,0.28819880731742,0.661342552118337,FALSE,0.0911771628123248
"SAM",2012,5,232.7407,2,"NScodindicesQ1","NScodindicesQ1",0.125,NA,1,"1",FALSE,4,"4",166.831498279253,0.28819880731742,1.15524644505282,FALSE,0.102698997910182
"SAM",2012,6,76.6751,2,"NScodindicesQ1","NScodindicesQ1",0.125,NA,1,"1",FALSE,5,"5",66.7790663962125,0.28819880731742,0.479486231620198,FALSE,0.122301110739395
"SAM",2012,7,49.852,2,"NScodindicesQ1","NScodindicesQ1",0.125,NA,1,"1",TRUE,5,"5",55.1829713851699,0.28819880731742,-0.352519850005084,FALSE,0.122301110739395
"SAM",2012,1,2354.021,3,"NScodindicesQ3&Q4","NScodindicesQ3&Q4",0.75,NA,2,"2",FALSE,6,"6",2623.2473879807,0.371113460312593,-0.2917923846296,FALSE,0.0256213015997414
"SAM",2012,2,962.3259,3,"NScodindicesQ3&Q4","NScodindicesQ3&Q4",0.75,NA,2,"2",FALSE,7,"7",900.33195772949,0.371113460312593,0.179431997392754,FALSE,0.0564557212821385
"SAM",2012,3,1316.906,3,"NScodindicesQ3&Q4","NScodindicesQ3&Q4",0.75,NA,2,"2",FALSE,8,"8",1031.85829051855,0.371113460312593,0.657275280263488,FALSE,0.082761844318646
"SAM",2012,4,438.3736,3,"NScodindicesQ3&Q4","NScodindicesQ3&Q4",0.75,NA,2,"2",FALSE,9,"9",355.902190765929,0.371113460312593,0.561595277637589,FALSE,0.0948940048046032
"SAM",2012,5,95.7998,3,"NScodindicesQ3&Q4","NScodindicesQ3&Q4",0.75,NA,2,"2",FALSE,10,"10",89.1383646270994,0.371113460312593,0.194201460648961,FALSE,0.0897331975670765
"SAM",2012,6,20.215,3,"NScodindicesQ3&Q4","NScodindicesQ3&Q4",0.75,NA,2,"2",FALSE,11,"11",35.8121397515413,0.371113460312593,-1.54093584090471,FALSE,0.107042535701336
"SAM",2012,7,27.915,3,"NScodindicesQ3&Q4","NScodindicesQ3&Q4",0.75,NA,2,"2",TRUE,11,"11",31.4219213977886,0.371113460312593,-0.318882543785341,FALSE,0.107042535701336
"SAM",2012,1,4455.183,4,"NScodrecruitmentindex","NScodrecruitmentindex",0,NA,3,"3",FALSE,12,"12",1780.56834061754,1.07977110136855,0.849379586594801,FALSE,0.00663255880333795
"SAM",2013,1,1444.681,2,"NScodindicesQ1","NScodindicesQ1",0.125,NA,1,"1",FALSE,0,"0",1631.05402532768,0.28819880731742,-0.421021559123179,FALSE,0.00794035853360521
"SAM",2013,2,2602.822,2,"NScodindicesQ1","NScodindicesQ1",0.125,NA,1,"1",FALSE,1,"1",2584.47880240849,0.28819880731742,0.0245399254062302,FALSE,0.0492873677648211
"SAM",2013,3,1101.017,2,"NScodindicesQ1","NScodindicesQ1",0.125,NA,1,"1",FALSE,2,"2",887.743675981872,0.28819880731742,0.747076405228534,FALSE,0.0800766944308678
"SAM",2013,4,1049.393,2,"NScodindicesQ1","NScodindicesQ1",0.125,NA,1,"1",FALSE,3,"3",799.395973165948,0.28819880731742,0.944177300179849,FALSE,0.0911771628123248
"SAM",2013,5,410.9742,2,"NScodindicesQ1","NScodindicesQ1",0.125,NA,1,"1",FALSE,4,"4",266.253317860119,0.28819880731742,1.50619034287922,FALSE,0.102698997910182
"SAM",2013,6,80.3502,2,"NScodindicesQ1","NScodindicesQ1",0.125,NA,1,"1",FALSE,5,"5",77.2441599545884,0.28819880731742,0.136791918158133,FALSE,0.122301110739395
"SAM",2013,7,41.872,2,"NScodindicesQ1","NScodindicesQ1",0.125,NA,1,"1",TRUE,5,"5",50.2120481166255,0.28819880731742,-0.630251235693369,FALSE,0.122301110739395
"SAM",2013,1,2106.979,3,"NScodindicesQ3&Q4","NScodindicesQ3&Q4",0.75,NA,2,"2",FALSE,6,"6",2369.00672613275,0.371113460312593,-0.315848410099688,FALSE,0.0256213015997414
"SAM",2013,2,1106.265,3,"NScodindicesQ3&Q4","NScodindicesQ3&Q4",0.75,NA,2,"2",FALSE,7,"7",1353.8266270159,0.371113460312593,-0.544161466176544,FALSE,0.0564557212821385
"SAM",2013,3,524.6992,3,"NScodindicesQ3&Q4","NScodindicesQ3&Q4",0.75,NA,2,"2",FALSE,8,"8",546.266619565156,0.371113460312593,-0.108543691019853,FALSE,0.082761844318646
"SAM",2013,4,627.1186,3,"NScodindicesQ3&Q4","NScodindicesQ3&Q4",0.75,NA,2,"2",FALSE,9,"9",539.784524448496,0.371113460312593,0.404096488976685,FALSE,0.0948940048046032
"SAM",2013,5,178.7503,3,"NScodindicesQ3&Q4","NScodindicesQ3&Q4",0.75,NA,2,"2",FALSE,10,"10",146.245903619829,0.371113460312593,0.540805993516671,FALSE,0.0897331975670765
"SAM",2013,6,66.9856,3,"NScodindicesQ3&Q4","NScodindicesQ3&Q4",0.75,NA,2,"2",FALSE,11,"11",42.8129303335489,0.371113460312593,1.206201205913,FALSE,0.107042535701336
"SAM",2013,7,34.5931,3,"NScodindicesQ3&Q4","NScodindicesQ3&Q4",0.75,NA,2,"2",TRUE,11,"11",29.2848028583162,0.371113460312593,0.448880329975621,FALSE,0.107042535701336
"SAM",2013,1,883.7404,4,"NScodrecruitmentindex","NScodrecruitmentindex",0,NA,3,"3",FALSE,12,"12",1598.23989952814,1.07977110136855,-0.548722673553317,FALSE,0.00663255880333795
"SAM",2014,1,1882.747,2,"NScodindicesQ1","NScodindicesQ1",0.125,NA,1,"1",FALSE,0,"0",2056.02625037848,0.28819880731742,-0.305494791739679,FALSE,0.00794035853360521
"SAM",2014,2,2715.755,2,"NScodindicesQ1","NScodindicesQ1",0.125,NA,1,"1",FALSE,1,"1",3060.52258140753,0.28819880731742,-0.414698732765427,FALSE,0.0492873677648211
"SAM",2014,3,1081.139,2,"NScodindicesQ1","NScodindicesQ1",0.125,NA,1,"1",FALSE,2,"2",1241.2819902775,0.28819880731742,-0.479285792077515,FALSE,0.0800766944308678
"SAM",2014,4,442.598,2,"NScodindicesQ1","NScodindicesQ1",0.125,NA,1,"1",FALSE,3,"3",440.948760209804,0.28819880731742,0.0129536627609362,FALSE,0.0911771628123248
"SAM",2014,5,405.8618,2,"NScodindicesQ1","NScodindicesQ1",0.125,NA,1,"1",FALSE,4,"4",382.486640012482,0.28819880731742,0.205826608143665,FALSE,0.102698997910182
"SAM",2014,6,106.1005,2,"NScodindicesQ1","NScodindicesQ1",0.125,NA,1,"1",FALSE,5,"5",117.780052131685,0.28819880731742,-0.362361534259562,FALSE,0.122301110739395
"SAM",2014,7,30.3558,2,"NScodindicesQ1","NScodindicesQ1",0.125,NA,1,"1",TRUE,5,"5",47.0537712163819,0.28819880731742,-1.52083701261392,FALSE,0.122301110739395
"SAM",2014,1,2574.24,3,"NScodindicesQ3&Q4","NScodindicesQ3&Q4",0.75,NA,2,"2",FALSE,6,"6",2999.48862184323,0.371113460312593,-0.411969616255099,FALSE,0.0256213015997414
"SAM",2014,2,1521.106,3,"NScodindicesQ3&Q4","NScodindicesQ3&Q4",0.75,NA,2,"2",FALSE,7,"7",1621.53952756467,0.371113460312593,-0.172287800427603,FALSE,0.0564557212821385
"SAM",2014,3,743.3277,3,"NScodindicesQ3&Q4","NScodindicesQ3&Q4",0.75,NA,2,"2",FALSE,8,"8",770.754004820959,0.371113460312593,-0.0976312350551118,FALSE,0.082761844318646
"SAM",2014,4,312.7595,3,"NScodindicesQ3&Q4","NScodindicesQ3&Q4",0.75,NA,2,"2",FALSE,9,"9",300.186314985735,0.371113460312593,0.110562394351389,FALSE,0.0948940048046032
"SAM",2014,5,218.1475,3,"NScodindicesQ3&Q4","NScodindicesQ3&Q4",0.75,NA,2,"2",FALSE,10,"10",212.297718943238,0.371113460312593,0.0732439489589447,FALSE,0.0897331975670765
"SAM",2014,6,89.904,3,"NScodindicesQ3&Q4","NScodindicesQ3&Q4",0.75,NA,2,"2",FALSE,11,"11",66.327791872602,0.371113460312593,0.819516061626889,FALSE,0.107042535701336
"SAM",2014,7,53.7175,3,"NScodindicesQ3&Q4","NScodindicesQ3&Q4",0.75,NA,2,"2",TRUE,11,"11",27.787981219162,0.371113460312593,1.77610166832966,FALSE,0.107042535701336
"SAM",2014,1,279.3244,4,"NScodrecruitmentindex","NScodrecruitmentindex",0,NA,3,"3",FALSE,12,"12",2012.88124835152,1.07977110136855,-1.82904376550463,FALSE,0.00663255880333795
"SAM",2015,1,1282.76,2,"NScodindicesQ1","NScodindicesQ1",0.125,NA,1,"1",FALSE,0,"0",1098.1935817481,0.28819880731742,0.539028514722916,FALSE,0.00794035853360521
"SAM",2015,2,4822.976,2,"NScodindicesQ1","NScodindicesQ1",0.125,NA,1,"1",FALSE,1,"1",4294.84841294044,0.28819880731742,0.402412851838512,FALSE,0.0492873677648211
"SAM",2015,3,2046.442,2,"NScodindicesQ1","NScodindicesQ1",0.125,NA,1,"1",FALSE,2,"2",1752.07687960647,0.28819880731742,0.538866917315727,FALSE,0.0800766944308678
"SAM",2015,4,721.7799,2,"NScodindicesQ1","NScodindicesQ1",0.125,NA,1,"1",FALSE,3,"3",588.081922464878,0.28819880731742,0.710807877953743,FALSE,0.0911771628123248
"SAM",2015,5,287.5518,2,"NScodindicesQ1","NScodindicesQ1",0.125,NA,1,"1",FALSE,4,"4",229.84467909238,0.28819880731742,0.777238627391428,FALSE,0.102698997910182
"SAM",2015,6,170.2478,2,"NScodindicesQ1","NScodindicesQ1",0.125,NA,1,"1",FALSE,5,"5",197.953834508186,0.28819880731742,-0.523176424946999,FALSE,0.122301110739395
"SAM",2015,7,33.0096,2,"NScodindicesQ1","NScodindicesQ1",0.125,NA,1,"1",TRUE,5,"5",66.3364506075326,0.28819880731742,-2.42173486865041,FALSE,0.122301110739395
"SAM",2015,1,1406.92,3,"NScodindicesQ3&Q4","NScodindicesQ3&Q4",0.75,NA,2,"2",FALSE,6,"6",1612.84473447902,0.371113460312593,-0.368072388417112,FALSE,0.0256213015997414
"SAM",2015,2,2921.22,3,"NScodindicesQ3&Q4","NScodindicesQ3&Q4",0.75,NA,2,"2",FALSE,7,"7",2310.71622661172,0.371113460312593,0.631730807493305,FALSE,0.0564557212821385
"SAM",2015,3,1277.387,3,"NScodindicesQ3&Q4","NScodindicesQ3&Q4",0.75,NA,2,"2",FALSE,8,"8",1106.2409649798,0.371113460312593,0.387614167898354,FALSE,0.082761844318646
"SAM",2015,4,479.1735,3,"NScodindicesQ3&Q4","NScodindicesQ3&Q4",0.75,NA,2,"2",FALSE,9,"9",404.747224813739,0.371113460312593,0.454847443795343,FALSE,0.0948940048046032
"SAM",2015,5,151.3428,3,"NScodindicesQ3&Q4","NScodindicesQ3&Q4",0.75,NA,2,"2",FALSE,10,"10",128.232856416448,0.371113460312593,0.446493264872512,FALSE,0.0897331975670765
"SAM",2015,6,145.3789,3,"NScodindicesQ3&Q4","NScodindicesQ3&Q4",0.75,NA,2,"2",FALSE,11,"11",111.801058865774,0.371113460312593,0.707660685983781,FALSE,0.107042535701336
"SAM",2015,7,59.1068,3,"NScodindicesQ3&Q4","NScodindicesQ3&Q4",0.75,NA,2,"2",TRUE,11,"11",39.0359912635624,0.371113460312593,1.11788428043247,FALSE,0.107042535701336
"SAM",2015,1,567.2881,4,"NScodrecruitmentindex","NScodrecruitmentindex",0,NA,3,"3",FALSE,12,"12",1073.71589137872,1.07977110136855,-0.59087839870994,FALSE,0.00663255880333795
"SAM",2016,1,758.2707,2,"NScodindicesQ1","NScodindicesQ1",0.125,NA,1,"1",FALSE,0,"0",810.667251395782,0.28819880731742,-0.231844227373608,FALSE,0.00794035853360521
"SAM",2016,2,2023.164,2,"NScodindicesQ1","NScodindicesQ1",0.125,NA,1,"1",FALSE,1,"1",2102.55903262714,0.28819880731742,-0.133562548566748,FALSE,0.0492873677648211
"SAM",2016,3,3017.941,2,"NScodindicesQ1","NScodindicesQ1",0.125,NA,1,"1",FALSE,2,"2",2171.60276720806,0.28819880731742,1.14195237838637,FALSE,0.0800766944308678
"SAM",2016,4,1173.337,2,"NScodindicesQ1","NScodindicesQ1",0.125,NA,1,"1",FALSE,3,"3",981.955358308014,0.28819880731742,0.617841757316424,FALSE,0.0911771628123248
"SAM",2016,5,326.1411,2,"NScodindicesQ1","NScodindicesQ1",0.125,NA,1,"1",FALSE,4,"4",290.262089685825,0.28819880731742,0.404393892265067,FALSE,0.102698997910182
"SAM",2016,6,119.9225,2,"NScodindicesQ1","NScodindicesQ1",0.125,NA,1,"1",FALSE,5,"5",113.989410279366,0.28819880731742,0.176059538508657,FALSE,0.122301110739395
"SAM",2016,7,100.865,2,"NScodindicesQ1","NScodindicesQ1",0.125,NA,1,"1",TRUE,5,"5",106.180362730251,0.28819880731742,-0.178197108877178,FALSE,0.122301110739395
"SAM",2016,1,1023.626,3,"NScodindicesQ3&Q4","NScodindicesQ3&Q4",0.75,NA,2,"2",FALSE,6,"6",1198.17426674386,0.371113460312593,-0.424257660127541,FALSE,0.0256213015997414
"SAM",2016,2,1177.72,3,"NScodindicesQ3&Q4","NScodindicesQ3&Q4",0.75,NA,2,"2",FALSE,7,"7",1141.50793375782,0.371113460312593,0.084152778218523,FALSE,0.0564557212821385
"SAM",2016,3,1679.6,3,"NScodindicesQ3&Q4","NScodindicesQ3&Q4",0.75,NA,2,"2",FALSE,8,"8",1380.12402786741,0.371113460312593,0.529170510995956,FALSE,0.082761844318646
"SAM",2016,4,1189.479,3,"NScodindicesQ3&Q4","NScodindicesQ3&Q4",0.75,NA,2,"2",FALSE,9,"9",679.294174693219,0.371113460312593,1.50955557886106,FALSE,0.0948940048046032
"SAM",2016,5,212.2216,3,"NScodindicesQ3&Q4","NScodindicesQ3&Q4",0.75,NA,2,"2",FALSE,10,"10",162.589606613684,0.371113460312593,0.717844446905519,FALSE,0.0897331975670765
"SAM",2016,6,124.936,3,"NScodindicesQ3&Q4","NScodindicesQ3&Q4",0.75,NA,2,"2",FALSE,11,"11",64.8375129588699,0.371113460312593,1.76743054829826,FALSE,0.107042535701336
"SAM",2016,7,85.0884,3,"NScodindicesQ3&Q4","NScodindicesQ3&Q4",0.75,NA,2,"2",TRUE,11,"11",62.5635738310672,0.371113460312593,0.828607765250236,FALSE,0.107042535701336
"SAM",2016,1,69.4444,4,"NScodrecruitmentindex","NScodrecruitmentindex",0,NA,3,"3",FALSE,12,"12",791.590127075121,1.07977110136855,-2.25373443135588,FALSE,0.00663255880333795
"SAM",2017,1,4612.295,2,"NScodindicesQ1","NScodindicesQ1",0.125,NA,1,"1",FALSE,0,"0",2273.83759076229,0.28819880731742,2.45405800880742,FALSE,0.00794035853360521
"SAM",2017,2,1456.664,2,"NScodindicesQ1","NScodindicesQ1",0.125,NA,1,"1",FALSE,1,"1",1386.95361751365,0.28819880731742,0.170157504560049,FALSE,0.0492873677648211
"SAM",2017,3,1984.364,2,"NScodindicesQ1","NScodindicesQ1",0.125,NA,1,"1",FALSE,2,"2",1158.09638293986,0.28819880731742,1.86857418619025,FALSE,0.0800766944308678
"SAM",2017,4,1701.679,2,"NScodindicesQ1","NScodindicesQ1",0.125,NA,1,"1",FALSE,3,"3",972.26204060477,0.28819880731742,1.94221946191743,FALSE,0.0911771628123248
"SAM",2017,5,1217.02,2,"NScodindicesQ1","NScodindicesQ1",0.125,NA,1,"1",FALSE,4,"4",515.759761336051,0.28819880731742,2.97891395331372,FALSE,0.102698997910182
"SAM",2017,6,185.1671,2,"NScodindicesQ1","NScodindicesQ1",0.125,NA,1,"1",FALSE,5,"5",132.534787133894,0.28819880731742,1.16035700626709,FALSE,0.122301110739395
"SAM",2017,7,124.1674,2,"NScodindicesQ1","NScodindicesQ1",0.125,NA,1,"1",TRUE,5,"5",87.7255039851344,0.28819880731742,1.20548031373984,FALSE,0.122301110739395
"SAM",2017,1,4567.438,3,"NScodindicesQ3&Q4","NScodindicesQ3&Q4",0.75,NA,2,"2",FALSE,6,"6",3374.88120388185,0.371113460312593,0.815363339024519,FALSE,0.0256213015997414
"SAM",2017,2,586.1022,3,"NScodindicesQ3&Q4","NScodindicesQ3&Q4",0.75,NA,2,"2",FALSE,7,"7",744.754192721635,0.371113460312593,-0.645516990890601,FALSE,0.0564557212821385
"SAM",2017,3,710.869,3,"NScodindicesQ3&Q4","NScodindicesQ3&Q4",0.75,NA,2,"2",FALSE,8,"8",707.127490072372,0.371113460312593,0.0142198836548417,FALSE,0.082761844318646
"SAM",2017,4,535.6036,3,"NScodindicesQ3&Q4","NScodindicesQ3&Q4",0.75,NA,2,"2",FALSE,9,"9",640.171840159879,0.371113460312593,-0.480560056175902,FALSE,0.0948940048046032
"SAM",2017,5,305.9498,3,"NScodindicesQ3&Q4","NScodindicesQ3&Q4",0.75,NA,2,"2",FALSE,10,"10",271.188738497966,0.371113460312593,0.324984185735572,FALSE,0.0897331975670765
"SAM",2017,6,51.4223,3,"NScodindicesQ3&Q4","NScodindicesQ3&Q4",0.75,NA,2,"2",FALSE,11,"11",70.6767803641073,0.371113460312593,-0.857002500909005,FALSE,0.107042535701336
"SAM",2017,7,55.5294,3,"NScodindicesQ3&Q4","NScodindicesQ3&Q4",0.75,NA,2,"2",TRUE,11,"11",48.5878255719554,0.371113460312593,0.35983500361753,FALSE,0.107042535701336
"SAM",2017,1,3295.662,4,"NScodrecruitmentindex","NScodrecruitmentindex",0,NA,3,"3",FALSE,12,"12",2218.46634048622,1.07977110136855,0.366550779342334,FALSE,0.00663255880333795
"SAM",2018,1,413.5436,2,"NScodindicesQ1","NScodindicesQ1",0.125,NA,1,"1",FALSE,0,"0",457.940314884238,0.28819880731742,-0.353838759657873,FALSE,0.00794035853360521
"SAM",2018,2,3958.98,2,"NScodindicesQ1","NScodindicesQ1",0.125,NA,1,"1",FALSE,1,"1",3308.02107556622,0.28819880731742,0.623306771361237,FALSE,0.0492873677648211
"SAM",2018,3,733.7383,2,"NScodindicesQ1","NScodindicesQ1",0.125,NA,1,"1",FALSE,2,"2",653.817696460943,0.28819880731742,0.400153857655135,FALSE,0.0800766944308678
"SAM",2018,4,578.6518,2,"NScodindicesQ1","NScodindicesQ1",0.125,NA,1,"1",FALSE,3,"3",488.141526179825,0.28819880731742,0.59020209032093,FALSE,0.0911771628123248
"SAM",2018,5,321.4224,2,"NScodindicesQ1","NScodindicesQ1",0.125,NA,1,"1",FALSE,4,"4",356.154338371229,0.28819880731742,-0.356032096905226,FALSE,0.102698997910182
"SAM",2018,6,174.3197,2,"NScodindicesQ1","NScodindicesQ1",0.125,NA,1,"1",FALSE,5,"5",197.54393112044,0.28819880731742,-0.433971351793605,FALSE,0.122301110739395
"SAM",2018,7,76.8963,2,"NScodindicesQ1","NScodindicesQ1",0.125,NA,1,"1",TRUE,5,"5",82.2455020590489,0.28819880731742,-0.233349130220941,FALSE,0.122301110739395
"SAM",2018,1,699.1907,3,"NScodindicesQ3&Q4","NScodindicesQ3&Q4",0.75,NA,2,"2",FALSE,6,"6",678.009618652533,0.371113460312593,0.0828912232628671,FALSE,0.0256213015997414
"SAM",2018,2,1854.781,3,"NScodindicesQ3&Q4","NScodindicesQ3&Q4",0.75,NA,2,"2",FALSE,7,"7",1697.90388693474,0.371113460312593,0.238127032953488,FALSE,0.0564557212821385
"SAM",2018,3,374.1979,3,"NScodindicesQ3&Q4","NScodindicesQ3&Q4",0.75,NA,2,"2",FALSE,8,"8",356.137291702521,0.371113460312593,0.13329749466035,FALSE,0.082761844318646
"SAM",2018,4,441.8301,3,"NScodindicesQ3&Q4","NScodindicesQ3&Q4",0.75,NA,2,"2",FALSE,9,"9",281.878809581131,0.371113460312593,1.21108028082057,FALSE,0.0948940048046032
"SAM",2018,5,289.0207,3,"NScodindicesQ3&Q4","NScodindicesQ3&Q4",0.75,NA,2,"2",FALSE,10,"10",156.96409280025,0.371113460312593,1.64499891871029,FALSE,0.0897331975670765
"SAM",2018,6,151.6586,3,"NScodindicesQ3&Q4","NScodindicesQ3&Q4",0.75,NA,2,"2",FALSE,11,"11",87.3404492312514,0.371113460312593,1.48692599311687,FALSE,0.107042535701336
"SAM",2018,7,19.7878,3,"NScodindicesQ3&Q4","NScodindicesQ3&Q4",0.75,NA,2,"2",TRUE,11,"11",37.9325312080058,0.371113460312593,-1.75348935178685,FALSE,0.107042535701336
"SAM",2018,1,290.063,4,"NScodrecruitmentindex","NScodrecruitmentindex",0,NA,3,"3",FALSE,12,"12",447.009439951401,1.07977110136855,-0.400530789845738,FALSE,0.00663255880333795
"SAM",2019,1,1026.705,2,"NScodindicesQ1","NScodindicesQ1",0.125,NA,1,"1",FALSE,0,"0",932.968682544213,0.28819880731742,0.332195303918473,FALSE,0.00794035853360521
"SAM",2019,2,685.6149,2,"NScodindicesQ1","NScodindicesQ1",0.125,NA,1,"1",FALSE,1,"1",790.083274374596,0.28819880731742,-0.49209867310137,FALSE,0.0492873677648211
"SAM",2019,3,1217.465,2,"NScodindicesQ1","NScodindicesQ1",0.125,NA,1,"1",FALSE,2,"2",1147.0233949825,0.28819880731742,0.206803747981888,FALSE,0.0800766944308678
"SAM",2019,4,153.1042,2,"NScodindicesQ1","NScodindicesQ1",0.125,NA,1,"1",FALSE,3,"3",214.961709104351,0.28819880731742,-1.1774551841431,FALSE,0.0911771628123248
"SAM",2019,5,126.0396,2,"NScodindicesQ1","NScodindicesQ1",0.125,NA,1,"1",FALSE,4,"4",167.903037651312,0.28819880731742,-0.995113461182673,FALSE,0.102698997910182
"SAM",2019,6,59.9131,2,"NScodindicesQ1","NScodindicesQ1",0.125,NA,1,"1",FALSE,5,"5",101.721158101087,0.28819880731742,-1.83671872747045,FALSE,0.122301110739395
"SAM",2019,7,29.2263,2,"NScodindicesQ1","NScodindicesQ1",0.125,NA,1,"1",TRUE,5,"5",74.6455617346355,0.28819880731742,-3.25359458558571,FALSE,0.122301110739395
"SAM",2019,1,1575.12,3,"NScodindicesQ3&Q4","NScodindicesQ3&Q4",0.75,NA,2,"2",FALSE,6,"6",1396.38548811899,0.371113460312593,0.324548605452719,FALSE,0.0256213015997414
"SAM",2019,2,378.3215,3,"NScodindicesQ3&Q4","NScodindicesQ3&Q4",0.75,NA,2,"2",FALSE,7,"7",412.722065825643,0.371113460312593,-0.234510596888568,FALSE,0.0564557212821385
"SAM",2019,3,530.0971,3,"NScodindicesQ3&Q4","NScodindicesQ3&Q4",0.75,NA,2,"2",FALSE,8,"8",634.508128643318,0.371113460312593,-0.484460737987347,FALSE,0.082761844318646
"SAM",2019,4,138.2435,3,"NScodindicesQ3&Q4","NScodindicesQ3&Q4",0.75,NA,2,"2",FALSE,9,"9",123.584914110348,0.371113460312593,0.302031997106452,FALSE,0.0948940048046032
"SAM",2019,5,78.0248,3,"NScodindicesQ3&Q4","NScodindicesQ3&Q4",0.75,NA,2,"2",FALSE,10,"10",71.5144595545221,0.371113460312593,0.234772039832426,FALSE,0.0897331975670765
"SAM",2019,6,43.4564,3,"NScodindicesQ3&Q4","NScodindicesQ3&Q4",0.75,NA,2,"2",FALSE,11,"11",42.4596232340112,0.371113460312593,0.0625268449841493,FALSE,0.107042535701336
"SAM",2019,7,30.3333,3,"NScodindicesQ3&Q4","NScodindicesQ3&Q4",0.75,NA,2,"2",TRUE,11,"11",32.1966306531333,0.371113460312593,-0.160640064029779,FALSE,0.107042535701336
"SAM",2019,1,207.7489,4,"NScodrecruitmentindex","NScodrecruitmentindex",0,NA,3,"3",FALSE,12,"12",908.725311860883,1.07977110136855,-1.36669032961854,FALSE,0.00663255880333795
"SAM",2020,1,2428.073,2,"NScodindicesQ1","NScodindicesQ1",0.125,NA,1,"1",FALSE,0,"0",2076.90169588787,0.28819880731742,0.542058886988326,FALSE,0.00794035853360521
"SAM",2020,2,1715.994,2,"NScodindicesQ1","NScodindicesQ1",0.125,NA,1,"1",FALSE,1,"1",1892.33196850492,0.28819880731742,-0.339409488309608,FALSE,0.0492873677648211
"SAM",2020,3,428.0238,2,"NScodindicesQ1","NScodindicesQ1",0.125,NA,1,"1",FALSE,2,"2",411.657228596153,0.28819880731742,0.135280809213683,FALSE,0.0800766944308678
"SAM",2020,4,410.0967,2,"NScodindicesQ1","NScodindicesQ1",0.125,NA,1,"1",FALSE,3,"3",381.556568631995,0.28819880731742,0.250292036180956,FALSE,0.0911771628123248
"SAM",2020,5,70.9573,2,"NScodindicesQ1","NScodindicesQ1",0.125,NA,1,"1",FALSE,4,"4",92.5074590397177,0.28819880731742,-0.920236257502612,FALSE,0.102698997910182
"SAM",2020,6,24.2493,2,"NScodindicesQ1","NScodindicesQ1",0.125,NA,1,"1",FALSE,5,"5",58.0356398228603,0.28819880731742,-3.02801235949226,FALSE,0.122301110739395
"SAM",2020,7,39.4374,2,"NScodindicesQ1","NScodindicesQ1",0.125,NA,1,"1",TRUE,5,"5",51.3768775262761,0.28819880731742,-0.917677680534015,FALSE,0.122301110739395
"SAM",2020,1,2913.973,3,"NScodindicesQ3&Q4","NScodindicesQ3&Q4",0.75,NA,2,"2",FALSE,6,"6",3142.55098708679,0.371113460312593,-0.20348883109481,FALSE,0.0256213015997414
"SAM",2020,2,1141.604,3,"NScodindicesQ3&Q4","NScodindicesQ3&Q4",0.75,NA,2,"2",FALSE,7,"7",1045.46019436486,0.371113460312593,0.23706260908116,FALSE,0.0564557212821385
"SAM",2020,3,206.67,3,"NScodindicesQ3&Q4","NScodindicesQ3&Q4",0.75,NA,2,"2",FALSE,8,"8",256.531502851168,0.371113460312593,-0.58237757462972,FALSE,0.082761844318646
"SAM",2020,4,244.0793,3,"NScodindicesQ3&Q4","NScodindicesQ3&Q4",0.75,NA,2,"2",FALSE,9,"9",247.421263307152,0.371113460312593,-0.0366444020644634,FALSE,0.0948940048046032
"SAM",2020,5,68.2344,3,"NScodindicesQ3&Q4","NScodindicesQ3&Q4",0.75,NA,2,"2",FALSE,10,"10",45.342571422821,0.371113460312593,1.10128713324685,FALSE,0.0897331975670765
"SAM",2020,6,27.877,3,"NScodindicesQ3&Q4","NScodindicesQ3&Q4",0.75,NA,2,"2",FALSE,11,"11",27.6715783370222,0.371113460312593,0.0199295990328047,FALSE,0.107042535701336
"SAM",2020,7,29.4718,3,"NScodindicesQ3&Q4","NScodindicesQ3&Q4",0.75,NA,2,"2",TRUE,11,"11",24.9182152607754,0.371113460312593,0.452246601890737,FALSE,0.107042535701336
"SAM",2020,1,2108.557,4,"NScodrecruitmentindex","NScodrecruitmentindex",0,NA,3,"3",FALSE,12,"12",2018.533094318,1.07977110136855,0.0404092779875267,FALSE,0.00663255880333795
"SAM",2021,1,1208.379,2,"NScodindicesQ1","NScodindicesQ1",0.125,NA,1,"1",FALSE,0,"0",1059.23779150869,0.28819880731742,0.457081028181261,FALSE,0.00794035853360521
"SAM",2021,2,3961.797,2,"NScodindicesQ1","NScodindicesQ1",0.125,NA,1,"1",FALSE,1,"1",3127.33578875861,0.28819880731742,0.820670481007254,FALSE,0.0492873677648211
"SAM",2021,3,1423.969,2,"NScodindicesQ1","NScodindicesQ1",0.125,NA,1,"1",FALSE,2,"2",991.071883181617,0.28819880731742,1.25752170087167,FALSE,0.0800766944308678
"SAM",2021,4,308.8517,2,"NScodindicesQ1","NScodindicesQ1",0.125,NA,1,"1",FALSE,3,"3",240.028333448231,0.28819880731742,0.874758144751724,FALSE,0.0911771628123248
"SAM",2021,5,149.4716,2,"NScodindicesQ1","NScodindicesQ1",0.125,NA,1,"1",FALSE,4,"4",180.418404184888,0.28819880731742,-0.652925023216077,FALSE,0.102698997910182
"SAM",2021,6,72.3657,2,"NScodindicesQ1","NScodindicesQ1",0.125,NA,1,"1",FALSE,5,"5",43.8970222061162,0.28819880731742,1.73451773931889,FALSE,0.122301110739395
"SAM",2021,7,55.1885,2,"NScodindicesQ1","NScodindicesQ1",0.125,NA,1,"1",TRUE,5,"5",48.8402448177646,0.28819880731742,0.424012637332116,FALSE,0.122301110739395
"SAM",2021,1,1345.19,3,"NScodindicesQ3&Q4","NScodindicesQ3&Q4",0.75,NA,2,"2",FALSE,6,"6",1625.61977117021,0.371113460312593,-0.510231759134548,FALSE,0.0256213015997414
"SAM",2021,2,2341.691,3,"NScodindicesQ3&Q4","NScodindicesQ3&Q4",0.75,NA,2,"2",FALSE,7,"7",1842.71986811291,0.371113460312593,0.645707241091305,FALSE,0.0564557212821385
"SAM",2021,3,730.5565,3,"NScodindicesQ3&Q4","NScodindicesQ3&Q4",0.75,NA,2,"2",FALSE,8,"8",703.170241698258,0.371113460312593,0.102953811971534,FALSE,0.082761844318646
"SAM",2021,4,170.4291,3,"NScodindicesQ3&Q4","NScodindicesQ3&Q4",0.75,NA,2,"2",FALSE,9,"9",177.914984982604,0.371113460312593,-0.115831016322245,FALSE,0.0948940048046032
"SAM",2021,5,113.1476,3,"NScodindicesQ3&Q4","NScodindicesQ3&Q4",0.75,NA,2,"2",FALSE,10,"10",104.094613422666,0.371113460312593,0.224710068394699,FALSE,0.0897331975670765
"SAM",2021,6,18.3299,3,"NScodindicesQ3&Q4","NScodindicesQ3&Q4",0.75,NA,2,"2",FALSE,11,"11",24.6452762161421,0.371113460312593,-0.79773889457472,FALSE,0.107042535701336
"SAM",2021,7,22.8962,3,"NScodindicesQ3&Q4","NScodindicesQ3&Q4",0.75,NA,2,"2",TRUE,11,"11",27.3484478021885,0.371113460312593,-0.478799168487078,FALSE,0.107042535701336
"SAM",2021,1,998.7583,4,"NScodrecruitmentindex","NScodrecruitmentindex",0,NA,3,"3",FALSE,12,"12",1026.55347532868,1.07977110136855,-0.0254216124597396,FALSE,0.00663255880333795
"SAM",2022,1,1168.398,2,"NScodindicesQ1","NScodindicesQ1",0.125,NA,1,"1",FALSE,0,"0",1219.66204481578,0.28819880731742,-0.148995162527956,FALSE,0.00794035853360521
"SAM",2022,2,2095.426,2,"NScodindicesQ1","NScodindicesQ1",0.125,NA,1,"1",FALSE,1,"1",2054.31255683352,0.28819880731742,0.068756718375291,FALSE,0.0492873677648211
"SAM",2022,3,2219.687,2,"NScodindicesQ1","NScodindicesQ1",0.125,NA,1,"1",FALSE,2,"2",1972.41398716906,0.28819880731742,0.409814423811163,FALSE,0.0800766944308678
"SAM",2022,4,677.6117,2,"NScodindicesQ1","NScodindicesQ1",0.125,NA,1,"1",FALSE,3,"3",640.611591204155,0.28819880731742,0.194834528397492,FALSE,0.0911771628123248
"SAM",2022,5,148.1594,2,"NScodindicesQ1","NScodindicesQ1",0.125,NA,1,"1",FALSE,4,"4",152.481931791782,0.28819880731742,-0.0997831602021274,FALSE,0.102698997910182
"SAM",2022,6,96.0233,2,"NScodindicesQ1","NScodindicesQ1",0.125,NA,1,"1",FALSE,5,"5",105.072153989248,0.28819880731742,-0.312480212853215,FALSE,0.122301110739395
"SAM",2022,7,45.1486,2,"NScodindicesQ1","NScodindicesQ1",0.125,NA,1,"1",TRUE,5,"5",45.3560969292348,0.28819880731742,-0.0159103279990344,FALSE,0.122301110739395
"SAM",2022,1,2515.579,4,"NScodrecruitmentindex","NScodrecruitmentindex",0,NA,3,"3",FALSE,12,"12",1182.0264610697,1.07977110136855,0.699474814023949,FALSE,0.00663255880333795
"tinyAM",1983,1,3788.818,2,"NScodindicesQ1","NScodindicesQ1",0.125,NA,1,"1",FALSE,0,"0",4293.24007037989,0.28429409374778,-0.439641957685669,FALSE,0.00805831964120054
"tinyAM",1984,1,11828.27,2,"NScodindicesQ1","NScodindicesQ1",0.125,NA,1,"1",FALSE,0,"0",13443.3538888265,0.28429409374778,-0.450211323973131,FALSE,0.00805831964120054
"tinyAM",1985,1,594.1904,2,"NScodindicesQ1","NScodindicesQ1",0.125,NA,1,"1",FALSE,0,"0",2056.19774738953,0.28429409374778,-4.36665419073623,FALSE,0.00805831964120054
"tinyAM",1986,1,10988.51,2,"NScodindicesQ1","NScodindicesQ1",0.125,NA,1,"1",FALSE,0,"0",14377.1836401337,0.28429409374778,-0.945472681398713,FALSE,0.00805831964120054
"tinyAM",1987,1,6061.529,2,"NScodindicesQ1","NScodindicesQ1",0.125,NA,1,"1",FALSE,0,"0",4613.96960734989,0.28429409374778,0.959828261679958,FALSE,0.00805831964120054
"tinyAM",1988,1,3350.759,2,"NScodindicesQ1","NScodindicesQ1",0.125,NA,1,"1",FALSE,0,"0",2638.18299790696,0.28429409374778,0.84101805407074,FALSE,0.00805831964120054
"tinyAM",1989,1,7813.344,2,"NScodindicesQ1","NScodindicesQ1",0.125,NA,1,"1",FALSE,0,"0",7222.37878923029,0.28429409374778,0.276645460190276,FALSE,0.00805831964120054
"tinyAM",1990,1,1747.096,2,"NScodindicesQ1","NScodindicesQ1",0.125,NA,1,"1",FALSE,0,"0",2172.80776612117,0.28429409374778,-0.7670410903005,FALSE,0.00805831964120054
"tinyAM",1991,1,2654.378,2,"NScodindicesQ1","NScodindicesQ1",0.125,NA,1,"1",FALSE,0,"0",2935.67350483331,0.28429409374778,-0.354304047863313,FALSE,0.00805831964120054
"tinyAM",1992,1,7876.55100000001,2,"NScodindicesQ1","NScodindicesQ1",0.125,NA,1,"1",FALSE,0,"0",6936.4355925689,0.28429409374778,0.44707956054042,FALSE,0.00805831964120054
"tinyAM",1992,1,13784.84,3,"NScodindicesQ3&Q4","NScodindicesQ3&Q4",0.75,NA,2,"2",FALSE,6,"6",9376.79199277725,0.389117327131747,0.990271342947067,FALSE,0.0259911510422019
"tinyAM",1993,1,3720.866,2,"NScodindicesQ1","NScodindicesQ1",0.125,NA,1,"1",FALSE,0,"0",2860.68436950143,0.28429409374778,0.924730961461937,FALSE,0.00805831964120054
"tinyAM",1993,1,2934.131,3,"NScodindicesQ3&Q4","NScodindicesQ3&Q4",0.75,NA,2,"2",FALSE,6,"6",3920.00952084558,0.389117327131747,-0.744461206737783,FALSE,0.0259911510422019
"tinyAM",1993,1,7072.001,4,"NScodrecruitmentindex","NScodrecruitmentindex",0,NA,3,"3",FALSE,12,"12",2834.52219163451,1.07307227361538,0.852011654152887,FALSE,0.00672824255795515
"tinyAM",1994,1,6499.51599999999,2,"NScodindicesQ1","NScodindicesQ1",0.125,NA,1,"1",FALSE,0,"0",9480.89616382129,0.28429409374778,-1.3280301615831,FALSE,0.00805831964120054
"tinyAM",1994,1,16193.82,3,"NScodindicesQ3&Q4","NScodindicesQ3&Q4",0.75,NA,2,"2",FALSE,6,"6",13019.6415781996,0.389117327131747,0.560680712259864,FALSE,0.0259911510422019
"tinyAM",1994,1,6739.781,4,"NScodrecruitmentindex","NScodrecruitmentindex",0,NA,3,"3",FALSE,12,"12",9390.15620136142,1.07307227361538,-0.309051407145699,FALSE,0.00672824255795515
"tinyAM",1995,1,5698.006,2,"NScodindicesQ1","NScodindicesQ1",0.125,NA,1,"1",FALSE,0,"0",4557.49792748906,0.28429409374778,0.785603785533123,FALSE,0.00805831964120054
"tinyAM",1995,1,8655.073,3,"NScodindicesQ3&Q4","NScodindicesQ3&Q4",0.75,NA,2,"2",FALSE,6,"6",6413.50424320098,0.389117327131747,0.77030704304759,FALSE,0.0259911510422019
"tinyAM",1995,1,12561,4,"NScodrecruitmentindex","NScodrecruitmentindex",0,NA,3,"3",FALSE,12,"12",4491.85835301323,1.07307227361538,0.958304764532401,FALSE,0.00672824255795515
"tinyAM",1996,1,1973.059,2,"NScodindicesQ1","NScodindicesQ1",0.125,NA,1,"1",FALSE,0,"0",2250.03229112791,0.28429409374778,-0.462054753585448,FALSE,0.00805831964120054
"tinyAM",1996,1,4071.991,3,"NScodindicesQ3&Q4","NScodindicesQ3&Q4",0.75,NA,2,"2",FALSE,6,"6",3220.95024987014,0.389117327131747,0.602532007716642,FALSE,0.0259911510422019
"tinyAM",1996,1,7637.774,4,"NScodrecruitmentindex","NScodrecruitmentindex",0,NA,3,"3",FALSE,12,"12",2210.05484780315,1.07307227361538,1.1556433771769,FALSE,0.00672824255795515
"tinyAM",1997,1,11708.71,2,"NScodindicesQ1","NScodindicesQ1",0.125,NA,1,"1",FALSE,0,"0",9364.22940699811,0.28429409374778,0.785932476428458,FALSE,0.00805831964120054
"tinyAM",1997,1,23530.57,3,"NScodindicesQ3&Q4","NScodindicesQ3&Q4",0.75,NA,2,"2",FALSE,6,"6",13434.8428451894,0.389117327131747,1.44030821343878,FALSE,0.0259911510422019
"tinyAM",1997,1,18081.46,4,"NScodrecruitmentindex","NScodrecruitmentindex",0,NA,3,"3",FALSE,12,"12",9193.76269103344,1.07307227361538,0.630304066913184,FALSE,0.00672824255795515
"tinyAM",1998,1,634.9227,2,"NScodindicesQ1","NScodindicesQ1",0.125,NA,1,"1",FALSE,0,"0",910.757912980924,0.28429409374778,-1.26901639185791,FALSE,0.00805831964120054
"tinyAM",1998,1,766.3948,3,"NScodindicesQ3&Q4","NScodindicesQ3&Q4",0.75,NA,2,"2",FALSE,6,"6",1302.91662957884,0.389117327131747,-1.36376129504531,FALSE,0.0259911510422019
"tinyAM",1998,1,202.6002,4,"NScodrecruitmentindex","NScodrecruitmentindex",0,NA,3,"3",FALSE,12,"12",894.692038228428,1.07307227361538,-1.38410526973357,FALSE,0.00672824255795515
"tinyAM",1999,1,1734.264,2,"NScodindicesQ1","NScodindicesQ1",0.125,NA,1,"1",FALSE,0,"0",2091.17651651663,0.28429409374778,-0.658275083327743,FALSE,0.00805831964120054
"tinyAM",1999,1,3159.795,3,"NScodindicesQ3&Q4","NScodindicesQ3&Q4",0.75,NA,2,"2",FALSE,6,"6",3005.38904650064,0.389117327131747,0.128753264341482,FALSE,0.0259911510422019
"tinyAM",1999,1,8743.86599999999,4,"NScodrecruitmentindex","NScodrecruitmentindex",0,NA,3,"3",FALSE,12,"12",2052.40019004932,1.07307227361538,1.3506476021371,FALSE,0.00672824255795515
"tinyAM",2000,1,2929.372,2,"NScodindicesQ1","NScodindicesQ1",0.125,NA,1,"1",FALSE,0,"0",3329.19529109029,0.28429409374778,-0.450035922977838,FALSE,0.00805831964120054
"tinyAM",2000,1,5398.389,3,"NScodindicesQ3&Q4","NScodindicesQ3&Q4",0.75,NA,2,"2",FALSE,6,"6",4829.42105866943,0.389117327131747,0.286222100919705,FALSE,0.0259911510422019
"tinyAM",2000,1,2077.949,4,"NScodrecruitmentindex","NScodrecruitmentindex",0,NA,3,"3",FALSE,12,"12",3261.38046765005,1.07307227361538,-0.420073487702483,FALSE,0.00672824255795515
"tinyAM",2001,1,1491.854,2,"NScodindicesQ1","NScodindicesQ1",0.125,NA,1,"1",FALSE,0,"0",1100.11850495089,0.28429409374778,1.07143181194815,FALSE,0.00805831964120054
"tinyAM",2001,1,1504.965,3,"NScodindicesQ3&Q4","NScodindicesQ3&Q4",0.75,NA,2,"2",FALSE,6,"6",1609.89899389184,0.389117327131747,-0.173217159707497,FALSE,0.0259911510422019
"tinyAM",2001,1,1381.661,4,"NScodrecruitmentindex","NScodrecruitmentindex",0,NA,3,"3",FALSE,12,"12",1075.82341494134,1.07307227361538,0.233162359117948,FALSE,0.00672824255795515
"tinyAM",2002,1,3593.923,2,"NScodindicesQ1","NScodindicesQ1",0.125,NA,1,"1",FALSE,0,"0",2359.16143723675,0.28429409374778,1.48064324972664,FALSE,0.00805831964120054
"tinyAM",2002,1,4257.783,3,"NScodindicesQ3&Q4","NScodindicesQ3&Q4",0.75,NA,2,"2",FALSE,6,"6",3436.80157878789,0.389117327131747,0.55049549859081,FALSE,0.0259911510422019
"tinyAM",2002,1,14304.11,4,"NScodrecruitmentindex","NScodrecruitmentindex",0,NA,3,"3",FALSE,12,"12",2309.14739440564,1.07307227361538,1.69948342747019,FALSE,0.00672824255795515
"tinyAM",2003,1,465.3276,2,"NScodindicesQ1","NScodindicesQ1",0.125,NA,1,"1",FALSE,0,"0",664.910105281998,0.28429409374778,-1.25542593278911,FALSE,0.00805831964120054
"tinyAM",2003,1,683.5947,3,"NScodindicesQ3&Q4","NScodindicesQ3&Q4",0.75,NA,2,"2",FALSE,6,"6",967.048823747587,0.389117327131747,-0.891463221417123,FALSE,0.0259911510422019
"tinyAM",2003,1,442.0287,4,"NScodrecruitmentindex","NScodrecruitmentindex",0,NA,3,"3",FALSE,12,"12",651.027290269682,1.07307227361538,-0.360811437673446,FALSE,0.00672824255795515
"tinyAM",2004,1,3287.726,2,"NScodindicesQ1","NScodindicesQ1",0.125,NA,1,"1",FALSE,0,"0",1959.00886587268,0.28429409374778,1.82120377140828,FALSE,0.00805831964120054
"tinyAM",2004,1,2986.024,3,"NScodindicesQ3&Q4","NScodindicesQ3&Q4",0.75,NA,2,"2",FALSE,6,"6",2831.77964021973,0.389117327131747,0.136301754632274,FALSE,0.0259911510422019
"tinyAM",2004,1,4412.078,4,"NScodrecruitmentindex","NScodrecruitmentindex",0,NA,3,"3",FALSE,12,"12",1920.45946493726,1.07307227361538,0.77514007087701,FALSE,0.00672824255795515
"tinyAM",2005,1,1160.812,2,"NScodindicesQ1","NScodindicesQ1",0.125,NA,1,"1",FALSE,0,"0",1239.07600445929,0.28429409374778,-0.229502424978869,FALSE,0.00805831964120054
"tinyAM",2005,1,1070.553,3,"NScodindicesQ3&Q4","NScodindicesQ3&Q4",0.75,NA,2,"2",FALSE,6,"6",1783.62583240695,0.389117327131747,-1.31187409033721,FALSE,0.0259911510422019
"tinyAM",2005,1,1801.992,4,"NScodrecruitmentindex","NScodrecruitmentindex",0,NA,3,"3",FALSE,12,"12",1215.71042091578,1.07307227361538,0.366763837676028,FALSE,0.00672824255795515
"tinyAM",2006,1,3753.411,2,"NScodindicesQ1","NScodindicesQ1",0.125,NA,1,"1",FALSE,0,"0",3020.96925682437,0.28429409374778,0.76360116322554,FALSE,0.00805831964120054
"tinyAM",2006,1,4123.296,3,"NScodindicesQ3&Q4","NScodindicesQ3&Q4",0.75,NA,2,"2",FALSE,6,"6",4325.78940833985,0.389117327131747,-0.123206547263243,FALSE,0.0259911510422019
"tinyAM",2006,1,3526.953,4,"NScodrecruitmentindex","NScodrecruitmentindex",0,NA,3,"3",FALSE,12,"12",2967.12502443532,1.07307227361538,0.1610710209256,FALSE,0.00672824255795515
"tinyAM",2007,1,1694.167,2,"NScodindicesQ1","NScodindicesQ1",0.125,NA,1,"1",FALSE,0,"0",1534.63576840082,0.28429409374778,0.347872531746005,FALSE,0.00805831964120054
"tinyAM",2007,1,2219.283,3,"NScodindicesQ3&Q4","NScodindicesQ3&Q4",0.75,NA,2,"2",FALSE,6,"6",2189.05149958832,0.389117327131747,0.0352485612626653,FALSE,0.0259911510422019
"tinyAM",2007,1,2657.915,4,"NScodrecruitmentindex","NScodrecruitmentindex",0,NA,3,"3",FALSE,12,"12",1508.44172846944,1.07307227361538,0.527890660019906,FALSE,0.00672824255795515
"tinyAM",2008,1,1592.349,2,"NScodindicesQ1","NScodindicesQ1",0.125,NA,1,"1",FALSE,0,"0",1454.36723777295,0.28429409374778,0.318822545357073,FALSE,0.00805831964120054
"tinyAM",2008,1,2377.881,3,"NScodindicesQ3&Q4","NScodindicesQ3&Q4",0.75,NA,2,"2",FALSE,6,"6",2077.39979924097,0.389117327131747,0.347177394509998,FALSE,0.0259911510422019
"tinyAM",2008,1,6746.55000000001,4,"NScodrecruitmentindex","NScodrecruitmentindex",0,NA,3,"3",FALSE,12,"12",1429.15139113242,1.07307227361538,1.44626831381669,FALSE,0.00672824255795515
"tinyAM",2009,1,1010.598,2,"NScodindicesQ1","NScodindicesQ1",0.125,NA,1,"1",FALSE,0,"0",1396.74742613757,0.28429409374778,-1.13827208819958,FALSE,0.00805831964120054
"tinyAM",2009,1,1963.101,3,"NScodindicesQ3&Q4","NScodindicesQ3&Q4",0.75,NA,2,"2",FALSE,6,"6",1998.1788098419,0.389117327131747,-0.0455153332229303,FALSE,0.0259911510422019
"tinyAM",2009,1,557.5398,4,"NScodrecruitmentindex","NScodrecruitmentindex",0,NA,3,"3",FALSE,12,"12",1372.1068738942,1.07307227361538,-0.839243388258999,FALSE,0.00672824255795515
"tinyAM",2010,1,2401.98,2,"NScodindicesQ1","NScodindicesQ1",0.125,NA,1,"1",FALSE,0,"0",1954.82984026499,0.28429409374778,0.724567447361567,FALSE,0.00805831964120054
"tinyAM",2010,1,2543.67,3,"NScodindicesQ3&Q4","NScodindicesQ3&Q4",0.75,NA,2,"2",FALSE,6,"6",2803.472357392,0.389117327131747,-0.249926820612457,FALSE,0.0259911510422019
"tinyAM",2010,1,1286.95,4,"NScodrecruitmentindex","NScodrecruitmentindex",0,NA,3,"3",FALSE,12,"12",1919.39717100111,1.07307227361538,-0.372515528833437,FALSE,0.00672824255795515
"tinyAM",2011,1,639.5146,2,"NScodindicesQ1","NScodindicesQ1",0.125,NA,1,"1",FALSE,0,"0",852.326204347464,0.28429409374778,-1.01043207625159,FALSE,0.00805831964120054
"tinyAM",2011,1,1096.79,3,"NScodindicesQ3&Q4","NScodindicesQ3&Q4",0.75,NA,2,"2",FALSE,6,"6",1223.63357580861,0.389117327131747,-0.281244328327686,FALSE,0.0259911510422019
"tinyAM",2011,1,156.7219,4,"NScodrecruitmentindex","NScodrecruitmentindex",0,NA,3,"3",FALSE,12,"12",836.700610946374,1.07307227361538,-1.56093252763713,FALSE,0.00672824255795515
"tinyAM",2012,1,1846.131,2,"NScodindicesQ1","NScodindicesQ1",0.125,NA,1,"1",FALSE,0,"0",1694.4776586975,0.28429409374778,0.301510204804098,FALSE,0.00805831964120054
"tinyAM",2012,1,2354.021,3,"NScodindicesQ3&Q4","NScodindicesQ3&Q4",0.75,NA,2,"2",FALSE,6,"6",2436.07067512523,0.389117327131747,-0.0880491050672923,FALSE,0.0259911510422019
"tinyAM",2012,1,4455.183,4,"NScodrecruitmentindex","NScodrecruitmentindex",0,NA,3,"3",FALSE,12,"12",1662.94694632365,1.07307227361538,0.918369493313914,FALSE,0.00672824255795515
"tinyAM",2013,1,1444.681,2,"NScodindicesQ1","NScodindicesQ1",0.125,NA,1,"1",FALSE,0,"0",1594.27618105372,0.28429409374778,-0.346582269817456,FALSE,0.00805831964120054
"tinyAM",2013,1,2106.979,3,"NScodindicesQ3&Q4","NScodindicesQ3&Q4",0.75,NA,2,"2",FALSE,6,"6",2303.3239464185,0.389117327131747,-0.228974912024475,FALSE,0.0259911510422019
"tinyAM",2013,1,883.7404,4,"NScodrecruitmentindex","NScodrecruitmentindex",0,NA,3,"3",FALSE,12,"12",1563.07068766952,1.07307227361538,-0.531412668750299,FALSE,0.00672824255795515
"tinyAM",2014,1,1882.747,2,"NScodindicesQ1","NScodindicesQ1",0.125,NA,1,"1",FALSE,0,"0",2013.58871504746,0.28429409374778,-0.236328088940634,FALSE,0.00805831964120054
"tinyAM",2014,1,2574.24,3,"NScodindicesQ3&Q4","NScodindicesQ3&Q4",0.75,NA,2,"2",FALSE,6,"6",2925.12431587609,0.389117327131747,-0.328391020148634,FALSE,0.0259911510422019
"tinyAM",2014,1,279.3244,4,"NScodrecruitmentindex","NScodrecruitmentindex",0,NA,3,"3",FALSE,12,"12",1972.01135298854,1.07307227361538,-1.82134559796153,FALSE,0.00672824255795515
"tinyAM",2015,1,1282.76,2,"NScodindicesQ1","NScodindicesQ1",0.125,NA,1,"1",FALSE,0,"0",1089.04857173357,0.28429409374778,0.575845805671467,FALSE,0.00805831964120054
"tinyAM",2015,1,1406.92,3,"NScodindicesQ3&Q4","NScodindicesQ3&Q4",0.75,NA,2,"2",FALSE,6,"6",1591.86903267054,0.389117327131747,-0.31740015559487,FALSE,0.0259911510422019
"tinyAM",2015,1,567.2881,4,"NScodrecruitmentindex","NScodrecruitmentindex",0,NA,3,"3",FALSE,12,"12",1065.24274992446,1.07307227361538,-0.58718384055536,FALSE,0.00672824255795515
"tinyAM",2016,1,758.2707,2,"NScodindicesQ1","NScodindicesQ1",0.125,NA,1,"1",FALSE,0,"0",758.384243505816,0.28429409374778,-0.00052666889987194,FALSE,0.00805831964120054
"tinyAM",2016,1,1023.626,3,"NScodindicesQ3&Q4","NScodindicesQ3&Q4",0.75,NA,2,"2",FALSE,6,"6",1114.93556805041,0.389117327131747,-0.219587731654965,FALSE,0.0259911510422019
"tinyAM",2016,1,69.4444,4,"NScodrecruitmentindex","NScodrecruitmentindex",0,NA,3,"3",FALSE,12,"12",740.952831044945,1.07307227361538,-2.2061985881752,FALSE,0.00672824255795515
"tinyAM",2017,1,4612.295,2,"NScodindicesQ1","NScodindicesQ1",0.125,NA,1,"1",FALSE,0,"0",2284.31170681681,0.28429409374778,2.47159833010095,FALSE,0.00805831964120054
"tinyAM",2017,1,4567.438,3,"NScodindicesQ3&Q4","NScodindicesQ3&Q4",0.75,NA,2,"2",FALSE,6,"6",3385.53552441841,0.389117327131747,0.769537399485488,FALSE,0.0259911510422019
"tinyAM",2017,1,3295.662,4,"NScodrecruitmentindex","NScodrecruitmentindex",0,NA,3,"3",FALSE,12,"12",2228.20075834099,1.07307227361538,0.364758873086316,FALSE,0.00672824255795515
"tinyAM",2018,1,413.5436,2,"NScodindicesQ1","NScodindicesQ1",0.125,NA,1,"1",FALSE,0,"0",490.352602493982,0.28429409374778,-0.599244876107384,FALSE,0.00805831964120054
"tinyAM",2018,1,699.1907,3,"NScodindicesQ3&Q4","NScodindicesQ3&Q4",0.75,NA,2,"2",FALSE,6,"6",732.297671666065,0.389117327131747,-0.118893608733522,FALSE,0.0259911510422019
"tinyAM",2018,1,290.063,4,"NScodrecruitmentindex","NScodrecruitmentindex",0,NA,3,"3",FALSE,12,"12",477.579861272616,1.07307227361538,-0.464678163967849,FALSE,0.00672824255795515
"tinyAM",2019,1,1026.705,2,"NScodindicesQ1","NScodindicesQ1",0.125,NA,1,"1",FALSE,0,"0",1002.05245511057,0.28429409374778,0.0854899701224664,FALSE,0.00805831964120054
"tinyAM",2019,1,1575.12,3,"NScodindicesQ3&Q4","NScodindicesQ3&Q4",0.75,NA,2,"2",FALSE,6,"6",1510.99510420595,0.389117327131747,0.106813584926708,FALSE,0.0259911510422019
"tinyAM",2019,1,207.7489,4,"NScodrecruitmentindex","NScodrecruitmentindex",0,NA,3,"3",FALSE,12,"12",974.068032031104,1.07307227361538,-1.43993191174585,FALSE,0.00672824255795515
"tinyAM",2020,1,2428.073,2,"NScodindicesQ1","NScodindicesQ1",0.125,NA,1,"1",FALSE,0,"0",1957.645441663,0.28429409374778,0.757509556323519,FALSE,0.00805831964120054
"tinyAM",2020,1,2913.973,3,"NScodindicesQ3&Q4","NScodindicesQ3&Q4",0.75,NA,2,"2",FALSE,6,"6",2955.34840902371,0.389117327131747,-0.036233561766323,FALSE,0.0259911510422019
"tinyAM",2020,1,2108.557,4,"NScodrecruitmentindex","NScodrecruitmentindex",0,NA,3,"3",FALSE,12,"12",1902.53415277956,1.07307227361538,0.0958156013196397,FALSE,0.00672824255795515
"tinyAM",2021,1,1208.379,2,"NScodindicesQ1","NScodindicesQ1",0.125,NA,1,"1",FALSE,0,"0",919.823814847902,0.28429409374778,0.959755868683649,FALSE,0.00805831964120054
"tinyAM",2021,1,1345.19,3,"NScodindicesQ3&Q4","NScodindicesQ3&Q4",0.75,NA,2,"2",FALSE,6,"6",1393.01708008362,0.389117327131747,-0.0897844599444457,FALSE,0.0259911510422019
"tinyAM",2021,1,998.7583,4,"NScodrecruitmentindex","NScodrecruitmentindex",0,NA,3,"3",FALSE,12,"12",893.362349601315,1.07307227361538,0.103926403626022,FALSE,0.00672824255795515
"tinyAM",2022,1,1168.398,2,"NScodindicesQ1","NScodindicesQ1",0.125,NA,1,"1",FALSE,0,"0",1206.47627846726,0.28429409374778,-0.112807002899703,FALSE,0.00805831964120054
"tinyAM",2022,1,2515.579,4,"NScodrecruitmentindex","NScodrecruitmentindex",0,NA,3,"3",FALSE,12,"12",1171.76873211201,1.07307227361538,0.711963835423313,FALSE,0.00672824255795515
"tinyAM",1983,2,19828.52,2,"NScodindicesQ1","NScodindicesQ1",0.125,NA,1,"1",FALSE,1,"1",13553.5576449247,0.28429409374778,1.33830510037582,FALSE,0.0501029659426902
"tinyAM",1984,2,6914.288,2,"NScodindicesQ1","NScodindicesQ1",0.125,NA,1,"1",FALSE,1,"1",6580.55497908692,0.28429409374778,0.174013147746971,FALSE,0.0501029659426902
"tinyAM",1985,2,17697.83,2,"NScodindicesQ1","NScodindicesQ1",0.125,NA,1,"1",FALSE,1,"1",15176.6299353448,0.28429409374778,0.540585598321263,FALSE,0.0501029659426902
"tinyAM",1986,2,3757.242,2,"NScodindicesQ1","NScodindicesQ1",0.125,NA,1,"1",FALSE,1,"1",3227.78274521272,0.28429409374778,0.53426974400262,FALSE,0.0501029659426902
"tinyAM",1987,2,18141.31,2,"NScodindicesQ1","NScodindicesQ1",0.125,NA,1,"1",FALSE,1,"1",17054.098370635,0.28429409374778,0.217384430584392,FALSE,0.0501029659426902
"tinyAM",1988,2,6595.214,2,"NScodindicesQ1","NScodindicesQ1",0.125,NA,1,"1",FALSE,1,"1",7013.54332434167,0.28429409374778,-0.216321082012068,FALSE,0.0501029659426902
"tinyAM",1989,2,4279.884,2,"NScodindicesQ1","NScodindicesQ1",0.125,NA,1,"1",FALSE,1,"1",4065.04564998384,0.28429409374778,0.181153722888552,FALSE,0.0501029659426902
"tinyAM",1990,2,10560.79,2,"NScodindicesQ1","NScodindicesQ1",0.125,NA,1,"1",FALSE,1,"1",9231.7352605043,0.28429409374778,0.473105336965906,FALSE,0.0501029659426902
"tinyAM",1991,2,2988.066,2,"NScodindicesQ1","NScodindicesQ1",0.125,NA,1,"1",FALSE,1,"1",3149.95177923871,0.28429409374778,-0.18558524542881,FALSE,0.0501029659426902
"tinyAM",1992,2,4091.122,2,"NScodindicesQ1","NScodindicesQ1",0.125,NA,1,"1",FALSE,1,"1",4275.08422154193,0.28429409374778,-0.154714937965038,FALSE,0.0501029659426902
"tinyAM",1992,2,1788.258,3,"NScodindicesQ3&Q4","NScodindicesQ3&Q4",0.75,NA,2,"2",FALSE,7,"7",1764.96607921289,0.389117327131747,0.0336928969884078,FALSE,0.0577843811973588
"tinyAM",1993,2,13290.99,2,"NScodindicesQ1","NScodindicesQ1",0.125,NA,1,"1",FALSE,1,"1",9548.39274959427,0.28429409374778,1.16327960188446,FALSE,0.0501029659426902
"tinyAM",1993,2,3617.106,3,"NScodindicesQ3&Q4","NScodindicesQ3&Q4",0.75,NA,2,"2",FALSE,7,"7",3955.05799185973,0.389117327131747,-0.229547746172196,FALSE,0.0577843811973588
"tinyAM",1994,2,3265.091,2,"NScodindicesQ1","NScodindicesQ1",0.125,NA,1,"1",FALSE,1,"1",4558.23417904857,0.28429409374778,-1.17360043956918,FALSE,0.0501029659426902
"tinyAM",1994,2,2337.41,3,"NScodindicesQ3&Q4","NScodindicesQ3&Q4",0.75,NA,2,"2",FALSE,7,"7",1917.63620036796,0.389117327131747,0.508715965719597,FALSE,0.0577843811973588
"tinyAM",1995,2,13748.02,2,"NScodindicesQ1","NScodindicesQ1",0.125,NA,1,"1",FALSE,1,"1",11973.775933256,0.28429409374778,0.486031532934709,FALSE,0.0501029659426902
"tinyAM",1995,2,6042.221,3,"NScodindicesQ3&Q4","NScodindicesQ3&Q4",0.75,NA,2,"2",FALSE,7,"7",4907.07199610779,0.389117327131747,0.534785310123699,FALSE,0.0577843811973588
"tinyAM",1996,2,7307.796,2,"NScodindicesQ1","NScodindicesQ1",0.125,NA,1,"1",FALSE,1,"1",6567.72193446085,0.28429409374778,0.375578286767249,FALSE,0.0501029659426902
"tinyAM",1996,2,2127.053,3,"NScodindicesQ3&Q4","NScodindicesQ3&Q4",0.75,NA,2,"2",FALSE,7,"7",2687.51294287618,0.389117327131747,-0.601049450786275,FALSE,0.0577843811973588
"tinyAM",1997,2,4505.909,2,"NScodindicesQ1","NScodindicesQ1",0.125,NA,1,"1",FALSE,1,"1",4310.16385301728,0.28429409374778,0.156224582758906,FALSE,0.0501029659426902
"tinyAM",1997,2,2047.345,3,"NScodindicesQ3&Q4","NScodindicesQ3&Q4",0.75,NA,2,"2",FALSE,7,"7",1771.41849337623,0.389117327131747,0.372029687175634,FALSE,0.0577843811973588
"tinyAM",1998,2,14617.18,2,"NScodindicesQ1","NScodindicesQ1",0.125,NA,1,"1",FALSE,1,"1",14835.7210643984,0.28429409374778,-0.0522005530538021,FALSE,0.0501029659426902
"tinyAM",1998,2,7126.42799999999,3,"NScodindicesQ3&Q4","NScodindicesQ3&Q4",0.75,NA,2,"2",FALSE,7,"7",5959.58446826853,0.389117327131747,0.45952558804368,FALSE,0.0577843811973588
"tinyAM",1999,2,1244.54,2,"NScodindicesQ1","NScodindicesQ1",0.125,NA,1,"1",FALSE,1,"1",1528.94661477515,0.28429409374778,-0.72394408469338,FALSE,0.0501029659426902
"tinyAM",1999,2,445.9103,3,"NScodindicesQ3&Q4","NScodindicesQ3&Q4",0.75,NA,2,"2",FALSE,7,"7",621.819233430605,0.389117327131747,-0.854579313497136,FALSE,0.0577843811973588
"tinyAM",2000,2,3091.949,2,"NScodindicesQ1","NScodindicesQ1",0.125,NA,1,"1",FALSE,1,"1",3103.67018397924,0.28429409374778,-0.0133091231466252,FALSE,0.0501029659426902
"tinyAM",2000,2,993.8968,3,"NScodindicesQ3&Q4","NScodindicesQ3&Q4",0.75,NA,2,"2",FALSE,7,"7",1262.70758027681,0.389117327131747,-0.615187689252496,FALSE,0.0577843811973588
"tinyAM",2001,2,5556.68,2,"NScodindicesQ1","NScodindicesQ1",0.125,NA,1,"1",FALSE,1,"1",5610.1403140777,0.28429409374778,-0.0336796410570476,FALSE,0.0501029659426902
"tinyAM",2001,2,1830.505,3,"NScodindicesQ3&Q4","NScodindicesQ3&Q4",0.75,NA,2,"2",FALSE,7,"7",2294.46332129047,0.389117327131747,-0.580562900733418,FALSE,0.0577843811973588
"tinyAM",2002,2,2045.866,2,"NScodindicesQ1","NScodindicesQ1",0.125,NA,1,"1",FALSE,1,"1",2010.16637226266,0.28429409374778,0.0619206702147746,FALSE,0.0501029659426902
"tinyAM",2002,2,844.4908,3,"NScodindicesQ3&Q4","NScodindicesQ3&Q4",0.75,NA,2,"2",FALSE,7,"7",828.096151375319,0.389117327131747,0.0503821554804141,FALSE,0.0577843811973588
"tinyAM",2003,2,2997.389,2,"NScodindicesQ1","NScodindicesQ1",0.125,NA,1,"1",FALSE,1,"1",2917.10784936743,0.28429409374778,0.0954958758175111,FALSE,0.0501029659426902
"tinyAM",2003,2,1097.59,3,"NScodindicesQ3&Q4","NScodindicesQ3&Q4",0.75,NA,2,"2",FALSE,7,"7",1234.04262996755,0.389117327131747,-0.301139516850564,FALSE,0.0577843811973588
"tinyAM",2004,2,1385.741,2,"NScodindicesQ1","NScodindicesQ1",0.125,NA,1,"1",FALSE,1,"1",1385.39639010793,0.28429409374778,0.00087484646687229,FALSE,0.0501029659426902
"tinyAM",2004,2,677.3039,3,"NScodindicesQ3&Q4","NScodindicesQ3&Q4",0.75,NA,2,"2",FALSE,7,"7",584.780976763489,0.389117327131747,0.377476600726296,FALSE,0.0577843811973588
"tinyAM",2005,2,2201.939,2,"NScodindicesQ1","NScodindicesQ1",0.125,NA,1,"1",FALSE,1,"1",2546.86624341203,0.28429409374778,-0.511883105011006,FALSE,0.0501029659426902
"tinyAM",2005,2,741.7808,3,"NScodindicesQ3&Q4","NScodindicesQ3&Q4",0.75,NA,2,"2",FALSE,7,"7",1065.18701543918,0.389117327131747,-0.929930016257153,FALSE,0.0577843811973588
"tinyAM",2006,2,1210.732,2,"NScodindicesQ1","NScodindicesQ1",0.125,NA,1,"1",FALSE,1,"1",2288.99406570727,0.28429409374778,-2.24024109918086,FALSE,0.0501029659426902
"tinyAM",2006,2,731.0078,3,"NScodindicesQ3&Q4","NScodindicesQ3&Q4",0.75,NA,2,"2",FALSE,7,"7",941.746909053474,0.389117327131747,-0.650992430215976,FALSE,0.0577843811973588
"tinyAM",2007,2,4401.693,2,"NScodindicesQ1","NScodindicesQ1",0.125,NA,1,"1",FALSE,1,"1",4749.53378711372,0.28429409374778,-0.267530086538575,FALSE,0.0501029659426902
"tinyAM",2007,2,2622.998,3,"NScodindicesQ3&Q4","NScodindicesQ3&Q4",0.75,NA,2,"2",FALSE,7,"7",2058.76667481002,0.389117327131747,0.622462222961147,FALSE,0.0577843811973588
"tinyAM",2008,2,1366.728,2,"NScodindicesQ1","NScodindicesQ1",0.125,NA,1,"1",FALSE,1,"1",2071.71678159544,0.28429409374778,-1.46312594492525,FALSE,0.0501029659426902
"tinyAM",2008,2,1108.409,3,"NScodindicesQ3&Q4","NScodindicesQ3&Q4",0.75,NA,2,"2",FALSE,7,"7",933.2037832107,0.389117327131747,0.442173418177562,FALSE,0.0577843811973588
"tinyAM",2009,2,1886.874,2,"NScodindicesQ1","NScodindicesQ1",0.125,NA,1,"1",FALSE,1,"1",2236.38227941412,0.28429409374778,-0.597754292698531,FALSE,0.0501029659426902
"tinyAM",2009,2,814.6872,3,"NScodindicesQ3&Q4","NScodindicesQ3&Q4",0.75,NA,2,"2",FALSE,7,"7",1043.5975291557,0.389117327131747,-0.636376055470032,FALSE,0.0577843811973588
"tinyAM",2010,2,2705.934,2,"NScodindicesQ1","NScodindicesQ1",0.125,NA,1,"1",FALSE,1,"1",2684.14814272997,0.28429409374778,0.028434382004242,FALSE,0.0501029659426902
"tinyAM",2010,2,1588.844,3,"NScodindicesQ3&Q4","NScodindicesQ3&Q4",0.75,NA,2,"2",FALSE,7,"7",1302.6181287783,0.389117327131747,0.510464349747185,FALSE,0.0577843811973588
"tinyAM",2011,2,3970.479,2,"NScodindicesQ1","NScodindicesQ1",0.125,NA,1,"1",FALSE,1,"1",3586.25042159493,0.28429409374778,0.358007917501349,FALSE,0.0501029659426902
"tinyAM",2011,2,2861.891,3,"NScodindicesQ3&Q4","NScodindicesQ3&Q4",0.75,NA,2,"2",FALSE,7,"7",1804.62080172503,0.389117327131747,1.18507215030829,FALSE,0.0577843811973588
"tinyAM",2012,2,1931.782,2,"NScodindicesQ1","NScodindicesQ1",0.125,NA,1,"1",FALSE,1,"1",1714.13198733186,0.28429409374778,0.420466245899679,FALSE,0.0501029659426902
"tinyAM",2012,2,962.3259,3,"NScodindicesQ3&Q4","NScodindicesQ3&Q4",0.75,NA,2,"2",FALSE,7,"7",878.426441197996,0.389117327131747,0.234430564960769,FALSE,0.0577843811973588
"tinyAM",2013,2,2602.822,2,"NScodindicesQ1","NScodindicesQ1",0.125,NA,1,"1",FALSE,1,"1",2556.79609871694,0.28429409374778,0.0627564577967873,FALSE,0.0501029659426902
"tinyAM",2013,2,1106.265,3,"NScodindicesQ3&Q4","NScodindicesQ3&Q4",0.75,NA,2,"2",FALSE,7,"7",1332.07249918513,0.389117327131747,-0.477353512509281,FALSE,0.0577843811973588
"tinyAM",2014,2,2715.755,2,"NScodindicesQ1","NScodindicesQ1",0.125,NA,1,"1",FALSE,1,"1",3022.90848018022,0.28429409374778,-0.376896473586129,FALSE,0.0501029659426902
"tinyAM",2014,2,1521.106,3,"NScodindicesQ3&Q4","NScodindicesQ3&Q4",0.75,NA,2,"2",FALSE,7,"7",1594.06618330551,0.389117327131747,-0.120401726329559,FALSE,0.0577843811973588
"tinyAM",2015,2,4822.976,2,"NScodindicesQ1","NScodindicesQ1",0.125,NA,1,"1",FALSE,1,"1",4113.92026346136,0.28429409374778,0.559331900054616,FALSE,0.0501029659426902
"tinyAM",2015,2,2921.22,3,"NScodindicesQ3&Q4","NScodindicesQ3&Q4",0.75,NA,2,"2",FALSE,7,"7",2186.89889001666,0.389117327131747,0.744034790288207,FALSE,0.0577843811973588
"tinyAM",2016,2,2023.164,2,"NScodindicesQ1","NScodindicesQ1",0.125,NA,1,"1",FALSE,1,"1",2052.05681453057,0.28429409374778,-0.0498778976037273,FALSE,0.0501029659426902
"tinyAM",2016,2,1177.72,3,"NScodindicesQ3&Q4","NScodindicesQ3&Q4",0.75,NA,2,"2",FALSE,7,"7",1097.7289025091,0.389117327131747,0.180760273685664,FALSE,0.0577843811973588
"tinyAM",2017,2,1456.664,2,"NScodindicesQ1","NScodindicesQ1",0.125,NA,1,"1",FALSE,1,"1",1328.05467755958,0.28429409374778,0.325133967743671,FALSE,0.0501029659426902
"tinyAM",2017,2,586.1022,3,"NScodindicesQ3&Q4","NScodindicesQ3&Q4",0.75,NA,2,"2",FALSE,7,"7",711.353204810432,0.389117327131747,-0.49772880242786,FALSE,0.0577843811973588
"tinyAM",2018,2,3958.98,2,"NScodindicesQ1","NScodindicesQ1",0.125,NA,1,"1",FALSE,1,"1",3395.01034560395,0.28429409374778,0.540565602304707,FALSE,0.0501029659426902
"tinyAM",2018,2,1854.781,3,"NScodindicesQ3&Q4","NScodindicesQ3&Q4",0.75,NA,2,"2",FALSE,7,"7",1828.0096184962,0.389117327131747,0.0373637820764912,FALSE,0.0577843811973588
"tinyAM",2019,2,685.6149,2,"NScodindicesQ1","NScodindicesQ1",0.125,NA,1,"1",FALSE,1,"1",840.826018429751,0.28429409374778,-0.717808313944915,FALSE,0.0501029659426902
"tinyAM",2019,2,378.3215,3,"NScodindicesQ3&Q4","NScodindicesQ3&Q4",0.75,NA,2,"2",FALSE,7,"7",461.426825641128,0.389117327131747,-0.510332248508472,FALSE,0.0577843811973588
"tinyAM",2020,2,1715.994,2,"NScodindicesQ1","NScodindicesQ1",0.125,NA,1,"1",FALSE,1,"1",1903.69560050436,0.28429409374778,-0.365130854386527,FALSE,0.0501029659426902
"tinyAM",2020,2,1141.604,3,"NScodindicesQ3&Q4","NScodindicesQ3&Q4",0.75,NA,2,"2",FALSE,7,"7",1065.63704585391,0.389117327131747,0.176968489383907,FALSE,0.0577843811973588
"tinyAM",2021,2,3961.797,2,"NScodindicesQ1","NScodindicesQ1",0.125,NA,1,"1",FALSE,1,"1",3109.13173635176,0.28429409374778,0.852477110096099,FALSE,0.0501029659426902
"tinyAM",2021,2,2341.691,3,"NScodindicesQ3&Q4","NScodindicesQ3&Q4",0.75,NA,2,"2",FALSE,7,"7",1782.07130659877,0.389117327131747,0.701837095755738,FALSE,0.0577843811973588
"tinyAM",2022,2,2095.426,2,"NScodindicesQ1","NScodindicesQ1",0.125,NA,1,"1",FALSE,1,"1",1824.80365868554,0.28429409374778,0.486413471359602,FALSE,0.0501029659426902
"tinyAM",1983,3,2549.497,2,"NScodindicesQ1","NScodindicesQ1",0.125,NA,1,"1",FALSE,2,"2",2427.85568098856,0.28429409374778,0.171961549383566,FALSE,0.0819220155092809
"tinyAM",1984,3,2560.589,2,"NScodindicesQ1","NScodindicesQ1",0.125,NA,1,"1",FALSE,2,"2",3898.99552252979,0.28429409374778,-1.47903759075822,FALSE,0.0819220155092809
"tinyAM",1985,3,2437.332,2,"NScodindicesQ1","NScodindicesQ1",0.125,NA,1,"1",FALSE,2,"2",2427.11534655391,0.28429409374778,0.0147753559524348,FALSE,0.0819220155092809
"tinyAM",1986,3,4148.35,2,"NScodindicesQ1","NScodindicesQ1",0.125,NA,1,"1",FALSE,2,"2",4379.48755070517,0.28429409374778,-0.190721708114894,FALSE,0.0819220155092809
"tinyAM",1987,3,986.994,2,"NScodindicesQ1","NScodindicesQ1",0.125,NA,1,"1",FALSE,2,"2",1171.75674970614,0.28429409374778,-0.603584247917894,FALSE,0.0819220155092809
"tinyAM",1988,3,3730.595,2,"NScodindicesQ1","NScodindicesQ1",0.125,NA,1,"1",FALSE,2,"2",4841.96502078417,0.28429409374778,-0.917194207471397,FALSE,0.0819220155092809
"tinyAM",1989,3,3374.852,2,"NScodindicesQ1","NScodindicesQ1",0.125,NA,1,"1",FALSE,2,"2",2500.85196415636,0.28429409374778,1.05426042475076,FALSE,0.0819220155092809
"tinyAM",1990,3,1198.517,2,"NScodindicesQ1","NScodindicesQ1",0.125,NA,1,"1",FALSE,2,"2",1382.1207855945,0.28429409374778,-0.501361669481932,FALSE,0.0819220155092809
"tinyAM",1991,3,2286.128,2,"NScodindicesQ1","NScodindicesQ1",0.125,NA,1,"1",FALSE,2,"2",2456.97658810455,0.28429409374778,-0.253512153863677,FALSE,0.0819220155092809
"tinyAM",1992,3,849.8951,2,"NScodindicesQ1","NScodindicesQ1",0.125,NA,1,"1",FALSE,2,"2",1067.39824093908,0.28429409374778,-0.801516777236413,FALSE,0.0819220155092809
"tinyAM",1992,3,477.8363,3,"NScodindicesQ3&Q4","NScodindicesQ3&Q4",0.75,NA,2,"2",FALSE,8,"8",503.934489417347,0.389117327131747,-0.136663338751382,FALSE,0.085609202101637
"tinyAM",1993,3,1341.612,2,"NScodindicesQ1","NScodindicesQ1",0.125,NA,1,"1",FALSE,2,"2",1449.686205474,0.28429409374778,-0.272517961743407,FALSE,0.0819220155092809
"tinyAM",1993,3,718.5413,3,"NScodindicesQ3&Q4","NScodindicesQ3&Q4",0.75,NA,2,"2",FALSE,8,"8",678.710488354439,0.389117327131747,0.146558694689352,FALSE,0.085609202101637
"tinyAM",1994,3,2196.979,2,"NScodindicesQ1","NScodindicesQ1",0.125,NA,1,"1",FALSE,2,"2",2789.7946172558,0.28429409374778,-0.840273328297923,FALSE,0.0819220155092809
"tinyAM",1994,3,1143.944,3,"NScodindicesQ3&Q4","NScodindicesQ3&Q4",0.75,NA,2,"2",FALSE,8,"8",1281.55774819037,0.389117327131747,-0.291928372604381,FALSE,0.085609202101637
"tinyAM",1995,3,2651.948,2,"NScodindicesQ1","NScodindicesQ1",0.125,NA,1,"1",FALSE,2,"2",1810.14238898945,0.28429409374778,1.34328838534895,FALSE,0.0819220155092809
"tinyAM",1995,3,1475.098,3,"NScodindicesQ3&Q4","NScodindicesQ3&Q4",0.75,NA,2,"2",FALSE,8,"8",815.562775101212,0.389117327131747,1.52293734919458,FALSE,0.085609202101637
"tinyAM",1996,3,2989.89,2,"NScodindicesQ1","NScodindicesQ1",0.125,NA,1,"1",FALSE,2,"2",3077.44544841199,0.28429409374778,-0.101526047088017,FALSE,0.0819220155092809
"tinyAM",1996,3,795.1639,3,"NScodindicesQ3&Q4","NScodindicesQ3&Q4",0.75,NA,2,"2",FALSE,8,"8",1306.62571908876,0.389117327131747,-1.27636323195029,FALSE,0.085609202101637
"tinyAM",1997,3,1413.723,2,"NScodindicesQ1","NScodindicesQ1",0.125,NA,1,"1",FALSE,2,"2",2010.84537699654,0.28429409374778,-1.23931019618746,FALSE,0.0819220155092809
"tinyAM",1997,3,820.2981,3,"NScodindicesQ3&Q4","NScodindicesQ3&Q4",0.75,NA,2,"2",FALSE,8,"8",833.870857561216,0.389117327131747,-0.0421742528417292,FALSE,0.085609202101637
"tinyAM",1998,3,1245.164,2,"NScodindicesQ1","NScodindicesQ1",0.125,NA,1,"1",FALSE,2,"2",1530.95189782331,0.28429409374778,-0.726791212976074,FALSE,0.0819220155092809
"tinyAM",1998,3,583.2497,3,"NScodindicesQ3&Q4","NScodindicesQ3&Q4",0.75,NA,2,"2",FALSE,8,"8",610.178278735392,0.389117327131747,-0.115995292422735,FALSE,0.085609202101637
"tinyAM",1999,3,3728.897,2,"NScodindicesQ1","NScodindicesQ1",0.125,NA,1,"1",FALSE,2,"2",3950.99047722591,0.28429409374778,-0.203499907352889,FALSE,0.0819220155092809
"tinyAM",1999,3,1543.023,3,"NScodindicesQ3&Q4","NScodindicesQ3&Q4",0.75,NA,2,"2",FALSE,8,"8",1527.51636777617,0.389117327131747,0.0259570859094109,FALSE,0.085609202101637
"tinyAM",2000,3,563.4292,2,"NScodindicesQ1","NScodindicesQ1",0.125,NA,1,"1",FALSE,2,"2",560.741248840105,0.28429409374778,0.0168210148645362,FALSE,0.0819220155092809
"tinyAM",2000,3,105.2203,3,"NScodindicesQ3&Q4","NScodindicesQ3&Q4",0.75,NA,2,"2",FALSE,8,"8",228.625738547307,0.389117327131747,-1.99433444751957,FALSE,0.085609202101637
"tinyAM",2001,3,902.418,2,"NScodindicesQ1","NScodindicesQ1",0.125,NA,1,"1",FALSE,2,"2",972.923207130012,0.28429409374778,-0.264610941836132,FALSE,0.0819220155092809
"tinyAM",2001,3,341.2581,3,"NScodindicesQ3&Q4","NScodindicesQ3&Q4",0.75,NA,2,"2",FALSE,8,"8",419.903746238434,0.389117327131747,-0.532966312339185,FALSE,0.085609202101637
"tinyAM",2002,3,2151.624,2,"NScodindicesQ1","NScodindicesQ1",0.125,NA,1,"1",FALSE,2,"2",1882.54410605134,0.28429409374778,0.469931661809902,FALSE,0.0819220155092809
"tinyAM",2002,3,752.2656,3,"NScodindicesQ3&Q4","NScodindicesQ3&Q4",0.75,NA,2,"2",FALSE,8,"8",815.219116490977,0.389117327131747,-0.206537907748116,FALSE,0.085609202101637
"tinyAM",2003,3,556.5856,2,"NScodindicesQ1","NScodindicesQ1",0.125,NA,1,"1",FALSE,2,"2",634.878256616629,0.28429409374778,-0.46294412774404,FALSE,0.0819220155092809
"tinyAM",2003,3,257.0813,3,"NScodindicesQ3&Q4","NScodindicesQ3&Q4",0.75,NA,2,"2",FALSE,8,"8",285.261465308346,0.389117327131747,-0.267307049299149,FALSE,0.085609202101637
"tinyAM",2004,3,963.5615,2,"NScodindicesQ1","NScodindicesQ1",0.125,NA,1,"1",FALSE,2,"2",950.822664133846,0.28429409374778,0.0468132957580038,FALSE,0.0819220155092809
"tinyAM",2004,3,451.1286,3,"NScodindicesQ3&Q4","NScodindicesQ3&Q4",0.75,NA,2,"2",FALSE,8,"8",428.879506053039,0.389117327131747,0.129977340122201,FALSE,0.085609202101637
"tinyAM",2005,3,490.3356,2,"NScodindicesQ1","NScodindicesQ1",0.125,NA,1,"1",FALSE,2,"2",533.025927401201,0.28429409374778,-0.293639630475239,FALSE,0.0819220155092809
"tinyAM",2005,3,206.3473,3,"NScodindicesQ3&Q4","NScodindicesQ3&Q4",0.75,NA,2,"2",FALSE,8,"8",246.557158626663,0.389117327131747,-0.457530835764406,FALSE,0.085609202101637
"tinyAM",2006,3,716.1757,2,"NScodindicesQ1","NScodindicesQ1",0.125,NA,1,"1",FALSE,2,"2",872.027632866192,0.28429409374778,-0.692577119557298,FALSE,0.0819220155092809
"tinyAM",2006,3,515.7753,3,"NScodindicesQ3&Q4","NScodindicesQ3&Q4",0.75,NA,2,"2",FALSE,8,"8",417.022409776488,0.389117327131747,0.546188077162724,FALSE,0.085609202101637
"tinyAM",2007,3,759.2908,2,"NScodindicesQ1","NScodindicesQ1",0.125,NA,1,"1",FALSE,2,"2",764.267932646132,0.28429409374778,-0.022981782908485,FALSE,0.0819220155092809
"tinyAM",2007,3,427.6399,3,"NScodindicesQ3&Q4","NScodindicesQ3&Q4",0.75,NA,2,"2",FALSE,8,"8",375.328487769551,0.389117327131747,0.335322709335922,FALSE,0.085609202101637
"tinyAM",2008,3,1680.363,2,"NScodindicesQ1","NScodindicesQ1",0.125,NA,1,"1",FALSE,2,"2",1688.12588171179,0.28429409374778,-0.016212529435995,FALSE,0.0819220155092809
"tinyAM",2008,3,1064.059,3,"NScodindicesQ3&Q4","NScodindicesQ3&Q4",0.75,NA,2,"2",FALSE,8,"8",843.053614653771,0.389117327131747,0.59831713329799,FALSE,0.085609202101637
"tinyAM",2009,3,666.1222,2,"NScodindicesQ1","NScodindicesQ1",0.125,NA,1,"1",FALSE,2,"2",759.030068961636,0.28429409374778,-0.459271785238566,FALSE,0.0819220155092809
"tinyAM",2009,3,281.1728,3,"NScodindicesQ3&Q4","NScodindicesQ3&Q4",0.75,NA,2,"2",FALSE,8,"8",391.640072034376,0.389117327131747,-0.851603833496128,FALSE,0.085609202101637
"tinyAM",2010,3,876.0329,2,"NScodindicesQ1","NScodindicesQ1",0.125,NA,1,"1",FALSE,2,"2",908.955766374219,0.28429409374778,-0.129769786434152,FALSE,0.0819220155092809
"tinyAM",2010,3,538.9357,3,"NScodindicesQ3&Q4","NScodindicesQ3&Q4",0.75,NA,2,"2",FALSE,8,"8",492.100103031715,0.389117327131747,0.233641899806398,FALSE,0.085609202101637
"tinyAM",2011,3,1041.425,2,"NScodindicesQ1","NScodindicesQ1",0.125,NA,1,"1",FALSE,2,"2",1210.75577870329,0.28429409374778,-0.52992591414458,FALSE,0.0819220155092809
"tinyAM",2011,3,1396.227,3,"NScodindicesQ3&Q4","NScodindicesQ3&Q4",0.75,NA,2,"2",FALSE,8,"8",691.735672712622,0.389117327131747,1.80491826445375,FALSE,0.085609202101637
"tinyAM",2012,3,2635.072,2,"NScodindicesQ1","NScodindicesQ1",0.125,NA,1,"1",FALSE,2,"2",1752.79527187274,0.28429409374778,1.4340737399753,FALSE,0.0819220155092809
"tinyAM",2012,3,1316.906,3,"NScodindicesQ3&Q4","NScodindicesQ3&Q4",0.75,NA,2,"2",FALSE,8,"8",1035.45778356762,0.389117327131747,0.617914950630722,FALSE,0.085609202101637
"tinyAM",2013,3,1101.017,2,"NScodindicesQ1","NScodindicesQ1",0.125,NA,1,"1",FALSE,2,"2",871.943775595027,0.28429409374778,0.820504674351336,FALSE,0.0819220155092809
"tinyAM",2013,3,524.6992,3,"NScodindicesQ3&Q4","NScodindicesQ3&Q4",0.75,NA,2,"2",FALSE,8,"8",522.58313307485,0.389117327131747,0.0103852185002427,FALSE,0.085609202101637
"tinyAM",2014,3,1081.139,2,"NScodindicesQ1","NScodindicesQ1",0.125,NA,1,"1",FALSE,2,"2",1206.78201503433,0.28429409374778,-0.38671999367562,FALSE,0.0819220155092809
"tinyAM",2014,3,743.3277,3,"NScodindicesQ3&Q4","NScodindicesQ3&Q4",0.75,NA,2,"2",FALSE,8,"8",727.677757188265,0.389117327131747,0.0546845047009905,FALSE,0.085609202101637
"tinyAM",2015,3,2046.442,2,"NScodindicesQ1","NScodindicesQ1",0.125,NA,1,"1",FALSE,2,"2",1731.91562119068,0.28429409374778,0.586978722922299,FALSE,0.0819220155092809
"tinyAM",2015,3,1277.387,3,"NScodindicesQ3&Q4","NScodindicesQ3&Q4",0.75,NA,2,"2",FALSE,8,"8",1056.91012523366,0.389117327131747,0.486914606081519,FALSE,0.085609202101637
"tinyAM",2016,3,3017.941,2,"NScodindicesQ1","NScodindicesQ1",0.125,NA,1,"1",FALSE,2,"2",2098.687683179,0.28429409374778,1.27777038691595,FALSE,0.0819220155092809
"tinyAM",2016,3,1679.6,3,"NScodindicesQ3&Q4","NScodindicesQ3&Q4",0.75,NA,2,"2",FALSE,8,"8",1267.92230174181,0.389117327131747,0.722599772135015,FALSE,0.085609202101637
"tinyAM",2017,3,1984.364,2,"NScodindicesQ1","NScodindicesQ1",0.125,NA,1,"1",FALSE,2,"2",1123.026470047,0.28429409374778,2.00240253309175,FALSE,0.0819220155092809
"tinyAM",2017,3,710.869,3,"NScodindicesQ3&Q4","NScodindicesQ3&Q4",0.75,NA,2,"2",FALSE,8,"8",664.435196992943,0.389117327131747,0.173600116562196,FALSE,0.085609202101637
"tinyAM",2018,3,733.7383,2,"NScodindicesQ1","NScodindicesQ1",0.125,NA,1,"1",FALSE,2,"2",632.516458975172,0.28429409374778,0.522157112778833,FALSE,0.0819220155092809
"tinyAM",2018,3,374.1979,3,"NScodindicesQ3&Q4","NScodindicesQ3&Q4",0.75,NA,2,"2",FALSE,8,"8",365.177761485409,0.389117327131747,0.0627074338627435,FALSE,0.085609202101637
"tinyAM",2019,3,1217.465,2,"NScodindicesQ1","NScodindicesQ1",0.125,NA,1,"1",FALSE,2,"2",1209.82186345022,0.28429409374778,0.022152059381553,FALSE,0.0819220155092809
"tinyAM",2019,3,530.0971,3,"NScodindicesQ3&Q4","NScodindicesQ3&Q4",0.75,NA,2,"2",FALSE,8,"8",711.41450927355,0.389117327131747,-0.756057458408131,FALSE,0.085609202101637
"tinyAM",2020,3,428.0238,2,"NScodindicesQ1","NScodindicesQ1",0.125,NA,1,"1",FALSE,2,"2",426.035913200989,0.28429409374778,0.0163744362264816,FALSE,0.0819220155092809
"tinyAM",2020,3,206.67,3,"NScodindicesQ3&Q4","NScodindicesQ3&Q4",0.75,NA,2,"2",FALSE,8,"8",264.539996054155,0.389117327131747,-0.634433673844674,FALSE,0.085609202101637
"tinyAM",2021,3,1423.969,2,"NScodindicesQ1","NScodindicesQ1",0.125,NA,1,"1",FALSE,2,"2",973.552324940204,0.28429409374778,1.33752954342067,FALSE,0.0819220155092809
"tinyAM",2021,3,730.5565,3,"NScodindicesQ3&Q4","NScodindicesQ3&Q4",0.75,NA,2,"2",FALSE,8,"8",631.314165857636,0.389117327131747,0.375215745990377,FALSE,0.085609202101637
"tinyAM",2022,3,2219.687,2,"NScodindicesQ1","NScodindicesQ1",0.125,NA,1,"1",FALSE,2,"2",1863.59252274616,0.28429409374778,0.615067671504241,FALSE,0.0819220155092809
"tinyAM",1983,4,1222.794,2,"NScodindicesQ1","NScodindicesQ1",0.125,NA,1,"1",FALSE,3,"3",1621.64905503658,0.28429409374778,-0.993003965487361,FALSE,0.0941953155431302
"tinyAM",1984,4,527.6342,2,"NScodindicesQ1","NScodindicesQ1",0.125,NA,1,"1",FALSE,3,"3",711.649811781092,0.28429409374778,-1.05237048196498,FALSE,0.0941953155431302
"tinyAM",1985,4,1380.403,2,"NScodindicesQ1","NScodindicesQ1",0.125,NA,1,"1",FALSE,3,"3",1318.26547952591,0.28429409374778,0.16201055419239,FALSE,0.0941953155431302
"tinyAM",1986,4,1241.355,2,"NScodindicesQ1","NScodindicesQ1",0.125,NA,1,"1",FALSE,3,"3",891.548294729147,0.28429409374778,1.16428446081496,FALSE,0.0941953155431302
"tinyAM",1987,4,1006.447,2,"NScodindicesQ1","NScodindicesQ1",0.125,NA,1,"1",FALSE,3,"3",1293.61076148848,0.28429409374778,-0.882927386826585,FALSE,0.0941953155431302
"tinyAM",1988,4,376.5872,2,"NScodindicesQ1","NScodindicesQ1",0.125,NA,1,"1",FALSE,3,"3",427.495942211736,0.28429409374778,-0.446000011568882,FALSE,0.0941953155431302
"tinyAM",1989,4,1226.066,2,"NScodindicesQ1","NScodindicesQ1",0.125,NA,1,"1",FALSE,3,"3",1401.02734476227,0.28429409374778,-0.469215219237297,FALSE,0.0941953155431302
"tinyAM",1990,4,666.8642,2,"NScodindicesQ1","NScodindicesQ1",0.125,NA,1,"1",FALSE,3,"3",738.117963686374,0.28429409374778,-0.357085248928054,FALSE,0.0941953155431302
"tinyAM",1991,4,496.2063,2,"NScodindicesQ1","NScodindicesQ1",0.125,NA,1,"1",FALSE,3,"3",475.583092768212,0.28429409374778,0.149317744149904,FALSE,0.0941953155431302
"tinyAM",1992,4,612.5259,2,"NScodindicesQ1","NScodindicesQ1",0.125,NA,1,"1",FALSE,3,"3",716.127710894791,0.28429409374778,-0.54966773641838,FALSE,0.0941953155431302
"tinyAM",1992,4,230.331,3,"NScodindicesQ3&Q4","NScodindicesQ3&Q4",0.75,NA,2,"2",FALSE,9,"9",354.090652881454,0.389117327131747,-1.10515653544434,FALSE,0.0988726197199851
"tinyAM",1993,4,349.7465,2,"NScodindicesQ1","NScodindicesQ1",0.125,NA,1,"1",FALSE,3,"3",393.167729336586,0.28429409374778,-0.411643116232645,FALSE,0.0941953155431302
"tinyAM",1993,4,197.8775,3,"NScodindicesQ3&Q4","NScodindicesQ3&Q4",0.75,NA,2,"2",FALSE,9,"9",196.990377375935,0.389117327131747,0.0115473414039828,FALSE,0.0988726197199851
"tinyAM",1994,4,550.6692,2,"NScodindicesQ1","NScodindicesQ1",0.125,NA,1,"1",FALSE,3,"3",483.861645242375,0.28429409374778,0.454934730676216,FALSE,0.0941953155431302
"tinyAM",1994,4,192.5283,3,"NScodindicesQ3&Q4","NScodindicesQ3&Q4",0.75,NA,2,"2",FALSE,9,"9",244.296465761475,0.389117327131747,-0.611998846743322,FALSE,0.0988726197199851
"tinyAM",1995,4,810.8813,2,"NScodindicesQ1","NScodindicesQ1",0.125,NA,1,"1",FALSE,3,"3",891.838330247568,0.28429409374778,-0.334735027005868,FALSE,0.0941953155431302
"tinyAM",1995,4,661.3433,3,"NScodindicesQ3&Q4","NScodindicesQ3&Q4",0.75,NA,2,"2",FALSE,9,"9",451.579299924981,0.389117327131747,0.980480818998772,FALSE,0.0988726197199851
"tinyAM",1996,4,452.3949,2,"NScodindicesQ1","NScodindicesQ1",0.125,NA,1,"1",FALSE,3,"3",528.733841573138,0.28429409374778,-0.548480262802942,FALSE,0.0941953155431302
"tinyAM",1996,4,245.4113,3,"NScodindicesQ3&Q4","NScodindicesQ3&Q4",0.75,NA,2,"2",FALSE,9,"9",262.573271947618,0.389117327131747,-0.17371263398278,FALSE,0.0988726197199851
"tinyAM",1997,4,636.1848,2,"NScodindicesQ1","NScodindicesQ1",0.125,NA,1,"1",FALSE,3,"3",814.284561486022,0.28429409374778,-0.868188285665401,FALSE,0.0941953155431302
"tinyAM",1997,4,307.8342,3,"NScodindicesQ3&Q4","NScodindicesQ3&Q4",0.75,NA,2,"2",FALSE,9,"9",383.270333419796,0.389117327131747,-0.563272899858272,FALSE,0.0988726197199851
"tinyAM",1998,4,485.0953,2,"NScodindicesQ1","NScodindicesQ1",0.125,NA,1,"1",FALSE,3,"3",574.654018960134,0.28429409374778,-0.595941986798047,FALSE,0.0941953155431302
"tinyAM",1998,4,149.0404,3,"NScodindicesQ3&Q4","NScodindicesQ3&Q4",0.75,NA,2,"2",FALSE,9,"9",257.306142054298,0.389117327131747,-1.40330214558572,FALSE,0.0988726197199851
"tinyAM",1999,4,337.6981,2,"NScodindicesQ1","NScodindicesQ1",0.125,NA,1,"1",FALSE,3,"3",405.599457877734,0.28429409374778,-0.644451709099173,FALSE,0.0941953155431302
"tinyAM",1999,4,142.8994,3,"NScodindicesQ3&Q4","NScodindicesQ3&Q4",0.75,NA,2,"2",FALSE,9,"9",177.70152121785,0.389117327131747,-0.560150870534741,FALSE,0.0988726197199851
"tinyAM",2000,4,930.703,2,"NScodindicesQ1","NScodindicesQ1",0.125,NA,1,"1",FALSE,3,"3",800.751849213891,0.28429409374778,0.528991350981762,FALSE,0.0941953155431302
"tinyAM",2000,4,259.0985,3,"NScodindicesQ3&Q4","NScodindicesQ3&Q4",0.75,NA,2,"2",FALSE,9,"9",348.21471919656,0.389117327131747,-0.759696317268451,FALSE,0.0988726197199851
"tinyAM",2001,4,225.6378,2,"NScodindicesQ1","NScodindicesQ1",0.125,NA,1,"1",FALSE,3,"3",174.675907180793,0.28429409374778,0.900471611790255,FALSE,0.0941953155431302
"tinyAM",2001,4,74.9414,3,"NScodindicesQ3&Q4","NScodindicesQ3&Q4",0.75,NA,2,"2",FALSE,9,"9",82.5685667410187,0.389117327131747,-0.249083190620355,FALSE,0.0988726197199851
"tinyAM",2002,4,295.2112,2,"NScodindicesQ1","NScodindicesQ1",0.125,NA,1,"1",FALSE,3,"3",321.725543500801,0.28429409374778,-0.30253108389245,FALSE,0.0941953155431302
"tinyAM",2002,4,210.2454,3,"NScodindicesQ3&Q4","NScodindicesQ3&Q4",0.75,NA,2,"2",FALSE,9,"9",155.568222836829,0.389117327131747,0.774036598791111,FALSE,0.0988726197199851
"tinyAM",2003,4,550.8467,2,"NScodindicesQ1","NScodindicesQ1",0.125,NA,1,"1",FALSE,3,"3",510.111730085305,0.28429409374778,0.270236949670541,FALSE,0.0941953155431302
"tinyAM",2003,4,190.197,3,"NScodindicesQ3&Q4","NScodindicesQ3&Q4",0.75,NA,2,"2",FALSE,9,"9",253.062787598682,0.389117327131747,-0.73391039986185,FALSE,0.0988726197199851
"tinyAM",2004,4,241.6337,2,"NScodindicesQ1","NScodindicesQ1",0.125,NA,1,"1",FALSE,3,"3",215.059779520195,0.28429409374778,0.40981121975444,FALSE,0.0941953155431302
"tinyAM",2004,4,80.1493,3,"NScodindicesQ3&Q4","NScodindicesQ3&Q4",0.75,NA,2,"2",FALSE,9,"9",108.800474138986,0.389117327131747,-0.785430320379937,FALSE,0.0988726197199851
"tinyAM",2005,4,326.7493,2,"NScodindicesQ1","NScodindicesQ1",0.125,NA,1,"1",FALSE,3,"3",272.454711538894,0.28429409374778,0.639200075148184,FALSE,0.0941953155431302
"tinyAM",2005,4,117.9415,3,"NScodindicesQ3&Q4","NScodindicesQ3&Q4",0.75,NA,2,"2",FALSE,9,"9",141.320409965766,0.389117327131747,-0.464746676720265,FALSE,0.0988726197199851
"tinyAM",2006,4,180.702,2,"NScodindicesQ1","NScodindicesQ1",0.125,NA,1,"1",FALSE,3,"3",186.711381350014,0.28429409374778,-0.115073596095267,FALSE,0.0941953155431302
"tinyAM",2006,4,102.2741,3,"NScodindicesQ3&Q4","NScodindicesQ3&Q4",0.75,NA,2,"2",FALSE,9,"9",102.884615100903,0.389117327131747,-0.0152952699963963,FALSE,0.0988726197199851
"tinyAM",2007,4,245.2767,2,"NScodindicesQ1","NScodindicesQ1",0.125,NA,1,"1",FALSE,3,"3",303.767378225777,0.28429409374778,-0.752302805321804,FALSE,0.0941953155431302
"tinyAM",2007,4,165.2211,3,"NScodindicesQ3&Q4","NScodindicesQ3&Q4",0.75,NA,2,"2",FALSE,9,"9",170.780681609485,0.389117327131747,-0.0850529915201666,FALSE,0.0988726197199851
"tinyAM",2008,4,309.8366,2,"NScodindicesQ1","NScodindicesQ1",0.125,NA,1,"1",FALSE,3,"3",273.403592299466,0.28429409374778,0.440023204610829,FALSE,0.0941953155431302
"tinyAM",2008,4,206.3202,3,"NScodindicesQ3&Q4","NScodindicesQ3&Q4",0.75,NA,2,"2",FALSE,9,"9",157.921883484751,0.389117327131747,0.687013427206157,FALSE,0.0988726197199851
"tinyAM",2009,4,444.2434,2,"NScodindicesQ1","NScodindicesQ1",0.125,NA,1,"1",FALSE,3,"3",559.837009830738,0.28429409374778,-0.813499408368336,FALSE,0.0941953155431302
"tinyAM",2009,4,252.5537,3,"NScodindicesQ3&Q4","NScodindicesQ3&Q4",0.75,NA,2,"2",FALSE,9,"9",327.468142030001,0.389117327131747,-0.667579818773928,FALSE,0.0988726197199851
"tinyAM",2010,4,243.9688,2,"NScodindicesQ1","NScodindicesQ1",0.125,NA,1,"1",FALSE,3,"3",295.732245376182,0.28429409374778,-0.676813639406706,FALSE,0.0941953155431302
"tinyAM",2010,4,194.9417,3,"NScodindicesQ3&Q4","NScodindicesQ3&Q4",0.75,NA,2,"2",FALSE,9,"9",179.476379905316,0.389117327131747,0.212421608448257,FALSE,0.0988726197199851
"tinyAM",2011,4,333.4084,2,"NScodindicesQ1","NScodindicesQ1",0.125,NA,1,"1",FALSE,3,"3",359.054821661796,0.28429409374778,-0.260669919207215,FALSE,0.0941953155431302
"tinyAM",2011,4,374.1444,3,"NScodindicesQ3&Q4","NScodindicesQ3&Q4",0.75,NA,2,"2",FALSE,9,"9",225.420264189654,0.389117327131747,1.30211451154914,FALSE,0.0988726197199851
"tinyAM",2012,4,653.5324,2,"NScodindicesQ1","NScodindicesQ1",0.125,NA,1,"1",FALSE,3,"3",537.38933208184,0.28429409374778,0.688263563422089,FALSE,0.0941953155431302
"tinyAM",2012,4,438.3736,3,"NScodindicesQ3&Q4","NScodindicesQ3&Q4",0.75,NA,2,"2",FALSE,9,"9",345.13949488215,0.389117327131747,0.614526339144402,FALSE,0.0988726197199851
"tinyAM",2013,4,1049.393,2,"NScodindicesQ1","NScodindicesQ1",0.125,NA,1,"1",FALSE,3,"3",797.941871600174,0.28429409374778,0.963549488314951,FALSE,0.0941953155431302
"tinyAM",2013,4,627.1186,3,"NScodindicesQ3&Q4","NScodindicesQ3&Q4",0.75,NA,2,"2",FALSE,9,"9",518.184892906359,0.389117327131747,0.49034969522229,FALSE,0.0988726197199851
"tinyAM",2014,4,442.598,2,"NScodindicesQ1","NScodindicesQ1",0.125,NA,1,"1",FALSE,3,"3",427.916705445806,0.28429409374778,0.118656512386354,FALSE,0.0941953155431302
"tinyAM",2014,4,312.7595,3,"NScodindicesQ3&Q4","NScodindicesQ3&Q4",0.75,NA,2,"2",FALSE,9,"9",279.575292631804,0.389117327131747,0.288249525653015,FALSE,0.0988726197199851
"tinyAM",2015,4,721.7799,2,"NScodindicesQ1","NScodindicesQ1",0.125,NA,1,"1",FALSE,3,"3",574.280835081033,0.28429409374778,0.804102911053127,FALSE,0.0941953155431302
"tinyAM",2015,4,479.1735,3,"NScodindicesQ3&Q4","NScodindicesQ3&Q4",0.75,NA,2,"2",FALSE,9,"9",376.420938056354,0.389117327131747,0.620262051150415,FALSE,0.0988726197199851
"tinyAM",2016,4,1173.337,2,"NScodindicesQ1","NScodindicesQ1",0.125,NA,1,"1",FALSE,3,"3",959.894764201531,0.28429409374778,0.706252614827743,FALSE,0.0941953155431302
"tinyAM",2016,4,1189.479,3,"NScodindicesQ3&Q4","NScodindicesQ3&Q4",0.75,NA,2,"2",FALSE,9,"9",625.444435042251,0.389117327131747,1.6519649401217,FALSE,0.0988726197199851
"tinyAM",2017,4,1701.679,2,"NScodindicesQ1","NScodindicesQ1",0.125,NA,1,"1",FALSE,3,"3",931.92313755089,0.28429409374778,2.11794884978898,FALSE,0.0941953155431302
"tinyAM",2017,4,535.6036,3,"NScodindicesQ3&Q4","NScodindicesQ3&Q4",0.75,NA,2,"2",FALSE,9,"9",586.578782864038,0.389117327131747,-0.233638146232542,FALSE,0.0988726197199851
"tinyAM",2018,4,578.6518,2,"NScodindicesQ1","NScodindicesQ1",0.125,NA,1,"1",FALSE,3,"3",477.694421789547,0.28429409374778,0.674406103017496,FALSE,0.0941953155431302
"tinyAM",2018,4,441.8301,3,"NScodindicesQ3&Q4","NScodindicesQ3&Q4",0.75,NA,2,"2",FALSE,9,"9",295.770271014452,0.389117327131747,1.03141738879467,FALSE,0.0988726197199851
"tinyAM",2019,4,153.1042,2,"NScodindicesQ1","NScodindicesQ1",0.125,NA,1,"1",FALSE,3,"3",225.224336986458,0.28429409374778,-1.35767232559844,FALSE,0.0941953155431302
"tinyAM",2019,4,138.2435,3,"NScodindicesQ3&Q4","NScodindicesQ3&Q4",0.75,NA,2,"2",FALSE,9,"9",140.917032237457,0.389117327131747,-0.0492259505892601,FALSE,0.0988726197199851
"tinyAM",2020,4,410.0967,2,"NScodindicesQ1","NScodindicesQ1",0.125,NA,1,"1",FALSE,3,"3",411.998342007446,0.28429409374778,-0.0162730765134165,FALSE,0.0941953155431302
"tinyAM",2020,4,244.0793,3,"NScodindicesQ3&Q4","NScodindicesQ3&Q4",0.75,NA,2,"2",FALSE,9,"9",265.32566267385,0.389117327131747,-0.214497810623883,FALSE,0.0988726197199851
"tinyAM",2021,4,308.8517,2,"NScodindicesQ1","NScodindicesQ1",0.125,NA,1,"1",FALSE,3,"3",226.708681540037,0.28429409374778,1.08758986259726,FALSE,0.0941953155431302
"tinyAM",2021,4,170.4291,3,"NScodindicesQ3&Q4","NScodindicesQ3&Q4",0.75,NA,2,"2",FALSE,9,"9",150.206508418734,0.389117327131747,0.324602107338478,FALSE,0.0988726197199851
"tinyAM",2022,4,677.6117,2,"NScodindicesQ1","NScodindicesQ1",0.125,NA,1,"1",FALSE,3,"3",563.910539461581,0.28429409374778,0.646087249476382,FALSE,0.0941953155431302
"tinyAM",1983,5,446.2575,2,"NScodindicesQ1","NScodindicesQ1",0.125,NA,1,"1",FALSE,4,"4",516.858946907164,0.28429409374778,-0.516626517650273,FALSE,0.106973101502763
"tinyAM",1984,5,418.9012,2,"NScodindicesQ1","NScodindicesQ1",0.125,NA,1,"1",FALSE,4,"4",603.252578736521,0.28429409374778,-1.28282962840775,FALSE,0.106973101502763
"tinyAM",1985,5,248.3584,2,"NScodindicesQ1","NScodindicesQ1",0.125,NA,1,"1",FALSE,4,"4",288.341321201148,0.28429409374778,-0.525062111862065,FALSE,0.106973101502763
"tinyAM",1986,5,489.6015,2,"NScodindicesQ1","NScodindicesQ1",0.125,NA,1,"1",FALSE,4,"4",510.36018242388,0.28429409374778,-0.146063258046354,FALSE,0.106973101502763
"tinyAM",1987,5,238.3656,2,"NScodindicesQ1","NScodindicesQ1",0.125,NA,1,"1",FALSE,4,"4",319.379045495794,0.28429409374778,-1.02912091650458,FALSE,0.106973101502763
"tinyAM",1988,5,328.2862,2,"NScodindicesQ1","NScodindicesQ1",0.125,NA,1,"1",FALSE,4,"4",463.525246663074,0.28429409374778,-1.21344435856032,FALSE,0.106973101502763
"tinyAM",1989,5,165.5817,2,"NScodindicesQ1","NScodindicesQ1",0.125,NA,1,"1",FALSE,4,"4",171.871633612552,0.28429409374778,-0.131142905168647,FALSE,0.106973101502763
"tinyAM",1990,5,409.792,2,"NScodindicesQ1","NScodindicesQ1",0.125,NA,1,"1",FALSE,4,"4",476.044809601406,0.28429409374778,-0.52713818900308,FALSE,0.106973101502763
"tinyAM",1991,5,249.5221,2,"NScodindicesQ1","NScodindicesQ1",0.125,NA,1,"1",FALSE,4,"4",257.936175227152,0.28429409374778,-0.116656250633214,FALSE,0.106973101502763
"tinyAM",1992,5,147.0095,2,"NScodindicesQ1","NScodindicesQ1",0.125,NA,1,"1",FALSE,4,"4",175.442630498548,0.28429409374778,-0.621943582602016,FALSE,0.106973101502763
"tinyAM",1992,5,72.4394,3,"NScodindicesQ3&Q4","NScodindicesQ3&Q4",0.75,NA,2,"2",FALSE,10,"10",78.8966902695381,0.389117327131747,-0.219442626509684,FALSE,0.0954042343388547
"tinyAM",1993,5,230.3624,2,"NScodindicesQ1","NScodindicesQ1",0.125,NA,1,"1",FALSE,4,"4",251.774926240319,0.28429409374778,-0.31264039412185,FALSE,0.106973101502763
"tinyAM",1993,5,83.9616,3,"NScodindicesQ3&Q4","NScodindicesQ3&Q4",0.75,NA,2,"2",FALSE,10,"10",111.723840513167,0.389117327131747,-0.734150204423077,FALSE,0.0954042343388547
"tinyAM",1994,5,192.1339,2,"NScodindicesQ1","NScodindicesQ1",0.125,NA,1,"1",FALSE,4,"4",149.343560475653,0.28429409374778,0.886205881882528,FALSE,0.106973101502763
"tinyAM",1994,5,44.8246,3,"NScodindicesQ3&Q4","NScodindicesQ3&Q4",0.75,NA,2,"2",FALSE,10,"10",66.4750605575084,0.389117327131747,-1.01272733125376,FALSE,0.0954042343388547
"tinyAM",1995,5,224.1627,2,"NScodindicesQ1","NScodindicesQ1",0.125,NA,1,"1",FALSE,4,"4",179.43621662538,0.28429409374778,0.782824289116022,FALSE,0.106973101502763
"tinyAM",1995,5,86.4228,3,"NScodindicesQ3&Q4","NScodindicesQ3&Q4",0.75,NA,2,"2",FALSE,10,"10",80.5457236426615,0.389117327131747,0.180990426893525,FALSE,0.0954042343388547
"tinyAM",1996,5,262.0203,2,"NScodindicesQ1","NScodindicesQ1",0.125,NA,1,"1",FALSE,4,"4",318.318372087063,0.28429409374778,-0.68460820901119,FALSE,0.106973101502763
"tinyAM",1996,5,141.1768,3,"NScodindicesQ3&Q4","NScodindicesQ3&Q4",0.75,NA,2,"2",FALSE,10,"10",139.154829511789,0.389117327131747,0.0370731653403194,FALSE,0.0954042343388547
"tinyAM",1997,5,197.7601,2,"NScodindicesQ1","NScodindicesQ1",0.125,NA,1,"1",FALSE,4,"4",199.688260422765,0.28429409374778,-0.0341293502372423,FALSE,0.106973101502763
"tinyAM",1997,5,67.6847,3,"NScodindicesQ3&Q4","NScodindicesQ3&Q4",0.75,NA,2,"2",FALSE,10,"10",84.4380973373573,0.389117327131747,-0.568359508192469,FALSE,0.0954042343388547
"tinyAM",1998,5,256.6154,2,"NScodindicesQ1","NScodindicesQ1",0.125,NA,1,"1",FALSE,4,"4",269.271315512555,0.28429409374778,-0.169335256136672,FALSE,0.106973101502763
"tinyAM",1998,5,78.8948,3,"NScodindicesQ3&Q4","NScodindicesQ3&Q4",0.75,NA,2,"2",FALSE,10,"10",106.969375962624,0.389117327131747,-0.78235341076903,FALSE,0.0954042343388547
"tinyAM",1999,5,193.3804,2,"NScodindicesQ1","NScodindicesQ1",0.125,NA,1,"1",FALSE,4,"4",184.868427024328,0.28429409374778,0.158339085234233,FALSE,0.106973101502763
"tinyAM",1999,5,36.1705,3,"NScodindicesQ3&Q4","NScodindicesQ3&Q4",0.75,NA,2,"2",FALSE,10,"10",72.7598498754214,0.389117327131747,-1.79616884715978,FALSE,0.0954042343388547
"tinyAM",2000,5,170.1712,2,"NScodindicesQ1","NScodindicesQ1",0.125,NA,1,"1",FALSE,4,"4",122.258002146099,0.28429409374778,1.16313146478185,FALSE,0.106973101502763
"tinyAM",2000,5,28.4615,3,"NScodindicesQ3&Q4","NScodindicesQ3&Q4",0.75,NA,2,"2",FALSE,10,"10",47.87790975849,0.389117327131747,-1.33661980798543,FALSE,0.0954042343388547
"tinyAM",2001,5,200.6542,2,"NScodindicesQ1","NScodindicesQ1",0.125,NA,1,"1",FALSE,4,"4",188.556220302101,0.28429409374778,0.21874114331934,FALSE,0.106973101502763
"tinyAM",2001,5,42.9884,3,"NScodindicesQ3&Q4","NScodindicesQ3&Q4",0.75,NA,2,"2",FALSE,10,"10",78.2847793190194,0.389117327131747,-1.54046823711679,FALSE,0.0954042343388547
"tinyAM",2002,5,55.8532,2,"NScodindicesQ1","NScodindicesQ1",0.125,NA,1,"1",FALSE,4,"4",65.524313201312,0.28429409374778,-0.561722705422559,FALSE,0.106973101502763
"tinyAM",2002,5,49.4394,3,"NScodindicesQ3&Q4","NScodindicesQ3&Q4",0.75,NA,2,"2",FALSE,10,"10",29.4232404995698,0.389117327131747,1.33369239999341,FALSE,0.0954042343388547
"tinyAM",2003,5,163.9497,2,"NScodindicesQ1","NScodindicesQ1",0.125,NA,1,"1",FALSE,4,"4",109.370078034772,0.28429409374778,1.42395617610577,FALSE,0.106973101502763
"tinyAM",2003,5,86.4273,3,"NScodindicesQ3&Q4","NScodindicesQ3&Q4",0.75,NA,2,"2",FALSE,10,"10",51.4029823771639,0.389117327131747,1.33534892489564,FALSE,0.0954042343388547
"tinyAM",2004,5,210.4317,2,"NScodindicesQ1","NScodindicesQ1",0.125,NA,1,"1",FALSE,4,"4",183.348303081519,0.28429409374778,0.484616101941395,FALSE,0.106973101502763
"tinyAM",2004,5,69.3981,3,"NScodindicesQ3&Q4","NScodindicesQ3&Q4",0.75,NA,2,"2",FALSE,10,"10",86.0795179066692,0.389117327131747,-0.553591400934635,FALSE,0.0954042343388547
"tinyAM",2005,5,71.6614,2,"NScodindicesQ1","NScodindicesQ1",0.125,NA,1,"1",FALSE,4,"4",82.1404014191325,0.28429409374778,-0.480058327423749,FALSE,0.106973101502763
"tinyAM",2005,5,27.5759,3,"NScodindicesQ3&Q4","NScodindicesQ3&Q4",0.75,NA,2,"2",FALSE,10,"10",38.3245584694866,0.389117327131747,-0.845885490527191,FALSE,0.0954042343388547
"tinyAM",2006,5,72.2335,2,"NScodindicesQ1","NScodindicesQ1",0.125,NA,1,"1",FALSE,4,"4",89.1364304937601,0.28429409374778,-0.739600998791409,FALSE,0.106973101502763
"tinyAM",2006,5,14.9351,3,"NScodindicesQ3&Q4","NScodindicesQ3&Q4",0.75,NA,2,"2",FALSE,10,"10",41.8728488091062,0.389117327131747,-2.64938978013392,FALSE,0.0954042343388547
"tinyAM",2007,5,84.2444,2,"NScodindicesQ1","NScodindicesQ1",0.125,NA,1,"1",FALSE,4,"4",88.5234108767473,0.28429409374778,-0.174273576630134,FALSE,0.106973101502763
"tinyAM",2007,5,62.4754,3,"NScodindicesQ3&Q4","NScodindicesQ3&Q4",0.75,NA,2,"2",FALSE,10,"10",42.6596593285339,0.389117327131747,0.980473305565004,FALSE,0.0954042343388547
"tinyAM",2008,5,157.7952,2,"NScodindicesQ1","NScodindicesQ1",0.125,NA,1,"1",FALSE,4,"4",132.097494097466,0.28429409374778,0.625260081015346,FALSE,0.106973101502763
"tinyAM",2008,5,76.3263,3,"NScodindicesQ3&Q4","NScodindicesQ3&Q4",0.75,NA,2,"2",FALSE,10,"10",63.2847131525046,0.389117327131747,0.481535403936212,FALSE,0.0954042343388547
"tinyAM",2009,5,110.2308,2,"NScodindicesQ1","NScodindicesQ1",0.125,NA,1,"1",FALSE,4,"4",115.625463004591,0.28429409374778,-0.168064872743045,FALSE,0.106973101502763
"tinyAM",2009,5,50.2201,3,"NScodindicesQ3&Q4","NScodindicesQ3&Q4",0.75,NA,2,"2",FALSE,10,"10",55.8375505317303,0.389117327131747,-0.272491712131596,FALSE,0.0954042343388547
"tinyAM",2010,5,178.2661,2,"NScodindicesQ1","NScodindicesQ1",0.125,NA,1,"1",FALSE,4,"4",240.982093845745,0.28429409374778,-1.06032893460774,FALSE,0.106973101502763
"tinyAM",2010,5,116.2054,3,"NScodindicesQ3&Q4","NScodindicesQ3&Q4",0.75,NA,2,"2",FALSE,10,"10",119.098757335412,0.389117327131747,-0.0632038870068012,FALSE,0.0954042343388547
"tinyAM",2011,5,159.3531,2,"NScodindicesQ1","NScodindicesQ1",0.125,NA,1,"1",FALSE,4,"4",144.596117769923,0.28429409374778,0.341822202934128,FALSE,0.106973101502763
"tinyAM",2011,5,158.3673,3,"NScodindicesQ3&Q4","NScodindicesQ3&Q4",0.75,NA,2,"2",FALSE,10,"10",73.5211457071613,0.389117327131747,1.97201179087286,FALSE,0.0954042343388547
"tinyAM",2012,5,232.7407,2,"NScodindicesQ1","NScodindicesQ1",0.125,NA,1,"1",FALSE,4,"4",166.739883641003,0.28429409374778,1.17304562606918,FALSE,0.106973101502763
"tinyAM",2012,5,95.7998,3,"NScodindicesQ3&Q4","NScodindicesQ3&Q4",0.75,NA,2,"2",FALSE,10,"10",86.0348244381241,0.389117327131747,0.276287998964423,FALSE,0.0954042343388547
"tinyAM",2013,5,410.9742,2,"NScodindicesQ1","NScodindicesQ1",0.125,NA,1,"1",FALSE,4,"4",261.913982349856,0.28429409374778,1.58467696127969,FALSE,0.106973101502763
"tinyAM",2013,5,178.7503,3,"NScodindicesQ3&Q4","NScodindicesQ3&Q4",0.75,NA,2,"2",FALSE,10,"10",136.377610003441,0.389117327131747,0.695323129114527,FALSE,0.0954042343388547
"tinyAM",2014,5,405.8618,2,"NScodindicesQ1","NScodindicesQ1",0.125,NA,1,"1",FALSE,4,"4",375.734311082493,0.28429409374778,0.271305085497253,FALSE,0.106973101502763
"tinyAM",2014,5,218.1475,3,"NScodindicesQ3&Q4","NScodindicesQ3&Q4",0.75,NA,2,"2",FALSE,10,"10",196.950380192864,0.389117327131747,0.262696139580399,FALSE,0.0954042343388547
"tinyAM",2015,5,287.5518,2,"NScodindicesQ1","NScodindicesQ1",0.125,NA,1,"1",FALSE,4,"4",223.696826596766,0.28429409374778,0.883280170168424,FALSE,0.106973101502763
"tinyAM",2015,5,151.3428,3,"NScodindicesQ3&Q4","NScodindicesQ3&Q4",0.75,NA,2,"2",FALSE,10,"10",116.761492097079,0.389117327131747,0.666673312418561,FALSE,0.0954042343388547
"tinyAM",2016,5,326.1411,2,"NScodindicesQ1","NScodindicesQ1",0.125,NA,1,"1",FALSE,4,"4",281.069865985273,0.28429409374778,0.523144311661122,FALSE,0.106973101502763
"tinyAM",2016,5,212.2216,3,"NScodindicesQ3&Q4","NScodindicesQ3&Q4",0.75,NA,2,"2",FALSE,10,"10",143.699698565914,0.389117327131747,1.00202506842001,FALSE,0.0954042343388547
"tinyAM",2017,5,1217.02,2,"NScodindicesQ1","NScodindicesQ1",0.125,NA,1,"1",FALSE,4,"4",507.361089620258,0.28429409374778,3.07757912504257,FALSE,0.106973101502763
"tinyAM",2017,5,305.9498,3,"NScodindicesQ3&Q4","NScodindicesQ3&Q4",0.75,NA,2,"2",FALSE,10,"10",249.869995019318,0.389117327131747,0.520357895694346,FALSE,0.0954042343388547
"tinyAM",2018,5,321.4224,2,"NScodindicesQ1","NScodindicesQ1",0.125,NA,1,"1",FALSE,4,"4",351.180306888103,0.28429409374778,-0.311450861611865,FALSE,0.106973101502763
"tinyAM",2018,5,289.0207,3,"NScodindicesQ3&Q4","NScodindicesQ3&Q4",0.75,NA,2,"2",FALSE,10,"10",164.230675537378,0.389117327131747,1.45258582625638,FALSE,0.0954042343388547
"tinyAM",2019,5,126.0396,2,"NScodindicesQ1","NScodindicesQ1",0.125,NA,1,"1",FALSE,4,"4",171.707831954329,0.28429409374778,-1.08759993454842,FALSE,0.106973101502763
"tinyAM",2019,5,78.0248,3,"NScodindicesQ3&Q4","NScodindicesQ3&Q4",0.75,NA,2,"2",FALSE,10,"10",79.5529216396657,0.389117327131747,-0.0498455220831808,FALSE,0.0954042343388547
"tinyAM",2020,5,70.9573,2,"NScodindicesQ1","NScodindicesQ1",0.125,NA,1,"1",FALSE,4,"4",98.0046459739724,0.28429409374778,-1.13592439967826,FALSE,0.106973101502763
"tinyAM",2020,5,68.2344,3,"NScodindicesQ3&Q4","NScodindicesQ3&Q4",0.75,NA,2,"2",FALSE,10,"10",47.5181925026241,0.389117327131747,0.929889710661784,FALSE,0.0954042343388547
"tinyAM",2021,5,149.4716,2,"NScodindicesQ1","NScodindicesQ1",0.125,NA,1,"1",FALSE,4,"4",178.060325250565,0.28429409374778,-0.615615992023209,FALSE,0.106973101502763
"tinyAM",2021,5,113.1476,3,"NScodindicesQ3&Q4","NScodindicesQ3&Q4",0.75,NA,2,"2",FALSE,10,"10",89.4384530751525,0.389117327131747,0.604297036114732,FALSE,0.0954042343388547
"tinyAM",2022,5,148.1594,2,"NScodindicesQ1","NScodindicesQ1",0.125,NA,1,"1",FALSE,4,"4",127.927046713366,0.28429409374778,0.516467174509667,FALSE,0.106973101502763
"tinyAM",1983,6,388.6214,2,"NScodindicesQ1","NScodindicesQ1",0.125,NA,1,"1",FALSE,5,"5",328.233426703552,0.28429409374778,0.594034792043694,FALSE,0.131706750526907
"tinyAM",1984,6,184.242,2,"NScodindicesQ1","NScodindicesQ1",0.125,NA,1,"1",FALSE,5,"5",217.975893369851,0.28429409374778,-0.591409982269961,FALSE,0.131706750526907
"tinyAM",1985,6,245.8756,2,"NScodindicesQ1","NScodindicesQ1",0.125,NA,1,"1",FALSE,5,"5",281.328266575297,0.28429409374778,-0.473792744745219,FALSE,0.131706750526907
"tinyAM",1986,6,211.8556,2,"NScodindicesQ1","NScodindicesQ1",0.125,NA,1,"1",FALSE,5,"5",151.100156090069,0.28429409374778,1.18877604442049,FALSE,0.131706750526907
"tinyAM",1987,6,180.9372,2,"NScodindicesQ1","NScodindicesQ1",0.125,NA,1,"1",FALSE,5,"5",222.236137370703,0.28429409374778,-0.723161307955744,FALSE,0.131706750526907
"tinyAM",1988,6,198.612,2,"NScodindicesQ1","NScodindicesQ1",0.125,NA,1,"1",FALSE,5,"5",160.880584753909,0.28429409374778,0.741101546606762,FALSE,0.131706750526907
"tinyAM",1989,6,224.3245,2,"NScodindicesQ1","NScodindicesQ1",0.125,NA,1,"1",FALSE,5,"5",223.900883717001,0.28429409374778,0.00664872675913272,FALSE,0.131706750526907
"tinyAM",1990,6,80.6225,2,"NScodindicesQ1","NScodindicesQ1",0.125,NA,1,"1",FALSE,5,"5",78.0443991335617,0.28429409374778,0.114317825067102,FALSE,0.131706750526907
"tinyAM",1991,6,199.3011,2,"NScodindicesQ1","NScodindicesQ1",0.125,NA,1,"1",FALSE,5,"5",211.653987112933,0.28429409374778,-0.21152763925887,FALSE,0.131706750526907
"tinyAM",1992,6,75.9196,2,"NScodindicesQ1","NScodindicesQ1",0.125,NA,1,"1",FALSE,5,"5",102.352768983571,0.28429409374778,-1.05085011188334,FALSE,0.131706750526907
"tinyAM",1992,6,49.812,3,"NScodindicesQ3&Q4","NScodindicesQ3&Q4",0.75,NA,2,"2",FALSE,11,"11",45.479565464577,0.389117327131747,0.233844134163236,FALSE,0.118067309207282
"tinyAM",1993,6,84.2165,2,"NScodindicesQ1","NScodindicesQ1",0.125,NA,1,"1",FALSE,5,"5",78.9259576676618,0.28429409374778,0.228216826191334,FALSE,0.131706750526907
"tinyAM",1993,6,25.9709,3,"NScodindicesQ3&Q4","NScodindicesQ3&Q4",0.75,NA,2,"2",FALSE,11,"11",34.5148640905193,0.389117327131747,-0.730919376181976,FALSE,0.118067309207282
"tinyAM",1994,6,109.8454,2,"NScodindicesQ1","NScodindicesQ1",0.125,NA,1,"1",FALSE,5,"5",104.738684687972,0.28429409374778,0.167451216260581,FALSE,0.131706750526907
"tinyAM",1994,6,32.1719,3,"NScodindicesQ3&Q4","NScodindicesQ3&Q4",0.75,NA,2,"2",FALSE,11,"11",45.5823772850755,0.389117327131747,-0.895431155949595,FALSE,0.118067309207282
"tinyAM",1995,6,66.5354,2,"NScodindicesQ1","NScodindicesQ1",0.125,NA,1,"1",FALSE,5,"5",62.7787674544101,0.28429409374778,0.204426400979584,FALSE,0.131706750526907
"tinyAM",1995,6,21.469,3,"NScodindicesQ3&Q4","NScodindicesQ3&Q4",0.75,NA,2,"2",FALSE,11,"11",27.4378689580189,0.389117327131747,-0.630437368551258,FALSE,0.118067309207282
"tinyAM",1996,6,72.8869,2,"NScodindicesQ1","NScodindicesQ1",0.125,NA,1,"1",FALSE,5,"5",76.6293356894889,0.28429409374778,-0.176124134584221,FALSE,0.131706750526907
"tinyAM",1996,6,25.3652,3,"NScodindicesQ3&Q4","NScodindicesQ3&Q4",0.75,NA,2,"2",FALSE,11,"11",32.9845702158508,0.389117327131747,-0.675019354632916,FALSE,0.118067309207282
"tinyAM",1997,6,126.4087,2,"NScodindicesQ1","NScodindicesQ1",0.125,NA,1,"1",FALSE,5,"5",130.674799430743,0.28429409374778,-0.116750512932822,FALSE,0.131706750526907
"tinyAM",1997,6,37.8724,3,"NScodindicesQ3&Q4","NScodindicesQ3&Q4",0.75,NA,2,"2",FALSE,11,"11",55.4393863198449,0.389117327131747,-0.97931303587504,FALSE,0.118067309207282
"tinyAM",1998,6,81.5433,2,"NScodindicesQ1","NScodindicesQ1",0.125,NA,1,"1",FALSE,5,"5",85.063198082546,0.28429409374778,-0.148650008924585,FALSE,0.131706750526907
"tinyAM",1998,6,28.2449,3,"NScodindicesQ3&Q4","NScodindicesQ3&Q4",0.75,NA,2,"2",FALSE,11,"11",35.7895691853375,0.389117327131747,-0.608411809460536,FALSE,0.118067309207282
"tinyAM",1999,6,73.347,2,"NScodindicesQ1","NScodindicesQ1",0.125,NA,1,"1",FALSE,5,"5",89.0158264517456,0.28429409374778,-0.681029186059375,FALSE,0.131706750526907
"tinyAM",1999,6,13.5056,3,"NScodindicesQ3&Q4","NScodindicesQ3&Q4",0.75,NA,2,"2",FALSE,11,"11",36.9935307123816,0.389117327131747,-2.58954964798357,FALSE,0.118067309207282
"tinyAM",2000,6,107.1061,2,"NScodindicesQ1","NScodindicesQ1",0.125,NA,1,"1",FALSE,5,"5",72.1389693498807,0.28429409374778,1.39019962803004,FALSE,0.131706750526907
"tinyAM",2000,6,27.2122,3,"NScodindicesQ3&Q4","NScodindicesQ3&Q4",0.75,NA,2,"2",FALSE,11,"11",31.2209832422154,0.389117327131747,-0.353171130761502,FALSE,0.118067309207282
"tinyAM",2001,6,43.1287,2,"NScodindicesQ1","NScodindicesQ1",0.125,NA,1,"1",FALSE,5,"5",38.8660693443028,0.28429409374778,0.366054217906758,FALSE,0.131706750526907
"tinyAM",2001,6,25.6839,3,"NScodindicesQ3&Q4","NScodindicesQ3&Q4",0.75,NA,2,"2",FALSE,11,"11",17.7098036899318,0.389117327131747,0.95535701830177,FALSE,0.118067309207282
"tinyAM",2002,6,65.8824,2,"NScodindicesQ1","NScodindicesQ1",0.125,NA,1,"1",FALSE,5,"5",67.7949846910517,0.28429409374778,-0.100659444613373,FALSE,0.131706750526907
"tinyAM",2002,6,17.4039,3,"NScodindicesQ3&Q4","NScodindicesQ3&Q4",0.75,NA,2,"2",FALSE,11,"11",31.6601967063039,0.389117327131747,-1.53775200116093,FALSE,0.118067309207282
"tinyAM",2003,6,39.3579,2,"NScodindicesQ1","NScodindicesQ1",0.125,NA,1,"1",FALSE,5,"5",29.250508460435,0.28429409374778,1.0439884853041,FALSE,0.131706750526907
"tinyAM",2003,6,66.6124,3,"NScodindicesQ3&Q4","NScodindicesQ3&Q4",0.75,NA,2,"2",FALSE,11,"11",14.628549918176,0.389117327131747,3.89578039216164,FALSE,0.118067309207282
"tinyAM",2004,6,62.7861,2,"NScodindicesQ1","NScodindicesQ1",0.125,NA,1,"1",FALSE,5,"5",46.5391409621608,0.28429409374778,1.05327552816398,FALSE,0.131706750526907
"tinyAM",2004,6,21.0286,3,"NScodindicesQ3&Q4","NScodindicesQ3&Q4",0.75,NA,2,"2",FALSE,11,"11",23.1433452730786,0.389117327131747,-0.246259560768943,FALSE,0.118067309207282
"tinyAM",2005,6,102.0845,2,"NScodindicesQ1","NScodindicesQ1",0.125,NA,1,"1",FALSE,5,"5",84.6345435990538,0.28429409374778,0.659381977228147,FALSE,0.131706750526907
"tinyAM",2005,6,34.5448,3,"NScodindicesQ3&Q4","NScodindicesQ3&Q4",0.75,NA,2,"2",FALSE,11,"11",41.442118451384,0.389117327131747,-0.467829809953201,FALSE,0.118067309207282
"tinyAM",2006,6,46.7169,2,"NScodindicesQ1","NScodindicesQ1",0.125,NA,1,"1",FALSE,5,"5",39.0515046382015,0.28429409374778,0.630419628508062,FALSE,0.131706750526907
"tinyAM",2006,6,14.7201,3,"NScodindicesQ3&Q4","NScodindicesQ3&Q4",0.75,NA,2,"2",FALSE,11,"11",18.8864325991624,0.389117327131747,-0.640500662028047,FALSE,0.118067309207282
"tinyAM",2007,6,62.0629,2,"NScodindicesQ1","NScodindicesQ1",0.125,NA,1,"1",FALSE,5,"5",44.6948738965822,0.28429409374778,1.15475339447955,FALSE,0.131706750526907
"tinyAM",2007,6,36.6291,3,"NScodindicesQ3&Q4","NScodindicesQ3&Q4",0.75,NA,2,"2",FALSE,11,"11",21.7220943937472,0.389117327131747,1.3428162989574,FALSE,0.118067309207282
"tinyAM",2008,6,40.585,2,"NScodindicesQ1","NScodindicesQ1",0.125,NA,1,"1",FALSE,5,"5",45.0758073603131,0.28429409374778,-0.369149913809857,FALSE,0.131706750526907
"tinyAM",2008,6,24.7601,3,"NScodindicesQ3&Q4","NScodindicesQ3&Q4",0.75,NA,2,"2",FALSE,11,"11",21.5681509061322,0.389117327131747,0.354689307031868,FALSE,0.118067309207282
"tinyAM",2009,6,62.5726,2,"NScodindicesQ1","NScodindicesQ1",0.125,NA,1,"1",FALSE,5,"5",54.3394177497207,0.28429409374778,0.496238214992719,FALSE,0.131706750526907
"tinyAM",2009,6,23.0902,3,"NScodindicesQ3&Q4","NScodindicesQ3&Q4",0.75,NA,2,"2",FALSE,11,"11",25.6051692754308,0.389117327131747,-0.265693567536061,FALSE,0.118067309207282
"tinyAM",2010,6,66.3466,2,"NScodindicesQ1","NScodindicesQ1",0.125,NA,1,"1",FALSE,5,"5",51.6112497233503,0.28429409374778,0.883426194785504,FALSE,0.131706750526907
"tinyAM",2010,6,23.8158,3,"NScodindicesQ3&Q4","NScodindicesQ3&Q4",0.75,NA,2,"2",FALSE,11,"11",24.9741302570811,0.389117327131747,-0.122048724415857,FALSE,0.118067309207282
"tinyAM",2011,6,114.1302,2,"NScodindicesQ1","NScodindicesQ1",0.125,NA,1,"1",FALSE,5,"5",119.211365058411,0.28429409374778,-0.153215256814509,FALSE,0.131706750526907
"tinyAM",2011,6,133.6471,3,"NScodindicesQ3&Q4","NScodindicesQ3&Q4",0.75,NA,2,"2",FALSE,11,"11",59.243837413557,0.389117327131747,2.0907343941018,FALSE,0.118067309207282
"tinyAM",2012,6,76.6751,2,"NScodindicesQ1","NScodindicesQ1",0.125,NA,1,"1",FALSE,5,"5",65.1802363261343,0.28429409374778,0.571312308727137,FALSE,0.131706750526907
"tinyAM",2012,6,20.215,3,"NScodindicesQ3&Q4","NScodindicesQ3&Q4",0.75,NA,2,"2",FALSE,11,"11",32.9083763946476,0.389117327131747,-1.25232748571261,FALSE,0.118067309207282
"tinyAM",2013,6,80.3502,2,"NScodindicesQ1","NScodindicesQ1",0.125,NA,1,"1",FALSE,5,"5",76.541739448923,0.28429409374778,0.17080332165742,FALSE,0.131706750526907
"tinyAM",2013,6,66.9856,3,"NScodindicesQ3&Q4","NScodindicesQ3&Q4",0.75,NA,2,"2",FALSE,11,"11",39.7611050079787,0.389117327131747,1.34044017368599,FALSE,0.118067309207282
"tinyAM",2014,6,106.1005,2,"NScodindicesQ1","NScodindicesQ1",0.125,NA,1,"1",FALSE,5,"5",114.631437947666,0.28429409374778,-0.272025827681067,FALSE,0.131706750526907
"tinyAM",2014,6,89.904,3,"NScodindicesQ3&Q4","NScodindicesQ3&Q4",0.75,NA,2,"2",FALSE,11,"11",60.3477331616904,0.389117327131747,1.02441865542102,FALSE,0.118067309207282
"tinyAM",2015,6,170.2478,2,"NScodindicesQ1","NScodindicesQ1",0.125,NA,1,"1",FALSE,5,"5",188.397665222372,0.28429409374778,-0.356320967821165,FALSE,0.131706750526907
"tinyAM",2015,6,145.3789,3,"NScodindicesQ3&Q4","NScodindicesQ3&Q4",0.75,NA,2,"2",FALSE,11,"11",99.4253218801239,0.389117327131747,0.976406298701164,FALSE,0.118067309207282
"tinyAM",2016,6,119.9225,2,"NScodindicesQ1","NScodindicesQ1",0.125,NA,1,"1",FALSE,5,"5",111.511227055875,0.28429409374778,0.255792946433148,FALSE,0.131706750526907
"tinyAM",2016,6,124.936,3,"NScodindicesQ3&Q4","NScodindicesQ3&Q4",0.75,NA,2,"2",FALSE,11,"11",58.911139605741,0.389117327131747,1.93199159626184,FALSE,0.118067309207282
"tinyAM",2017,6,185.1671,2,"NScodindicesQ1","NScodindicesQ1",0.125,NA,1,"1",FALSE,5,"5",129.588881305627,0.28429409374778,1.25536084163797,FALSE,0.131706750526907
"tinyAM",2017,6,51.4223,3,"NScodindicesQ3&Q4","NScodindicesQ3&Q4",0.75,NA,2,"2",FALSE,11,"11",65.9735751114843,0.389117327131747,-0.640378458799534,FALSE,0.118067309207282
"tinyAM",2018,6,174.3197,2,"NScodindicesQ1","NScodindicesQ1",0.125,NA,1,"1",FALSE,5,"5",199.780341338012,0.28429409374778,-0.479529835505549,FALSE,0.131706750526907
"tinyAM",2018,6,151.6586,3,"NScodindicesQ3&Q4","NScodindicesQ3&Q4",0.75,NA,2,"2",FALSE,11,"11",97.1186303835271,0.389117327131747,1.14540958748883,FALSE,0.118067309207282
"tinyAM",2019,6,59.9131,2,"NScodindicesQ1","NScodindicesQ1",0.125,NA,1,"1",FALSE,5,"5",110.886203989878,0.28429409374778,-2.16539604819194,FALSE,0.131706750526907
"tinyAM",2019,6,43.4564,3,"NScodindicesQ3&Q4","NScodindicesQ3&Q4",0.75,NA,2,"2",FALSE,11,"11",52.515973393457,0.389117327131747,-0.486637907450596,FALSE,0.118067309207282
"tinyAM",2020,6,24.2493,2,"NScodindicesQ1","NScodindicesQ1",0.125,NA,1,"1",FALSE,5,"5",60.25402140735,0.28429409374778,-3.2015493269924,FALSE,0.131706750526907
"tinyAM",2020,6,27.877,3,"NScodindicesQ3&Q4","NScodindicesQ3&Q4",0.75,NA,2,"2",FALSE,11,"11",28.9694073753801,0.389117327131747,-0.0987835192957557,FALSE,0.118067309207282
"tinyAM",2021,6,72.3657,2,"NScodindicesQ1","NScodindicesQ1",0.125,NA,1,"1",FALSE,5,"5",44.4026869814535,0.28429409374778,1.71805343748469,FALSE,0.131706750526907
"tinyAM",2021,6,18.3299,3,"NScodindicesQ3&Q4","NScodindicesQ3&Q4",0.75,NA,2,"2",FALSE,11,"11",22.170470426816,0.389117327131747,-0.488869610555452,FALSE,0.118067309207282
"tinyAM",2022,6,96.0233,2,"NScodindicesQ1","NScodindicesQ1",0.125,NA,1,"1",FALSE,5,"5",89.7312082180616,0.28429409374778,0.238387801868404,FALSE,0.131706750526907
"tinyAM",1983,7,124.7479,2,"NScodindicesQ1","NScodindicesQ1",0.125,NA,1,"1",TRUE,5,"5",134.195448185858,0.28429409374778,-0.256784810543215,FALSE,0.131706750526907
"tinyAM",1984,7,115.2485,2,"NScodindicesQ1","NScodindicesQ1",0.125,NA,1,"1",TRUE,5,"5",123.346083901566,0.28429409374778,-0.238849239213328,FALSE,0.131706750526907
"tinyAM",1985,7,53.7156,2,"NScodindicesQ1","NScodindicesQ1",0.125,NA,1,"1",TRUE,5,"5",86.6163635191589,0.28429409374778,-1.6806022400477,FALSE,0.131706750526907
"tinyAM",1986,7,103.9307,2,"NScodindicesQ1","NScodindicesQ1",0.125,NA,1,"1",TRUE,5,"5",115.788884561411,0.28429409374778,-0.380043918548301,FALSE,0.131706750526907
"tinyAM",1987,7,72.8184,2,"NScodindicesQ1","NScodindicesQ1",0.125,NA,1,"1",TRUE,5,"5",79.4481439973818,0.28429409374778,-0.306499021502278,FALSE,0.131706750526907
"tinyAM",1988,7,100.0273,2,"NScodindicesQ1","NScodindicesQ1",0.125,NA,1,"1",TRUE,5,"5",92.5343580548935,0.28429409374778,0.273882350914989,FALSE,0.131706750526907
"tinyAM",1989,7,89.8551,2,"NScodindicesQ1","NScodindicesQ1",0.125,NA,1,"1",TRUE,5,"5",84.4662590752756,0.28429409374778,0.217543102409185,FALSE,0.131706750526907
"tinyAM",1990,7,126.5671,2,"NScodindicesQ1","NScodindicesQ1",0.125,NA,1,"1",TRUE,5,"5",105.413389533053,0.28429409374778,0.643287858891394,FALSE,0.131706750526907
"tinyAM",1991,7,74.5613,2,"NScodindicesQ1","NScodindicesQ1",0.125,NA,1,"1",TRUE,5,"5",67.2985277135901,0.28429409374778,0.36048320439915,FALSE,0.131706750526907
"tinyAM",1992,7,95.7719,2,"NScodindicesQ1","NScodindicesQ1",0.125,NA,1,"1",TRUE,5,"5",91.0344941957959,0.28429409374778,0.178444898648875,FALSE,0.131706750526907
"tinyAM",1992,7,35.1125,3,"NScodindicesQ3&Q4","NScodindicesQ3&Q4",0.75,NA,2,"2",TRUE,11,"11",38.7837783346032,0.389117327131747,-0.255565290167443,FALSE,0.118067309207282
"tinyAM",1993,7,35.4879,2,"NScodindicesQ1","NScodindicesQ1",0.125,NA,1,"1",TRUE,5,"5",62.568429450917,0.28429409374778,-1.99465640751474,FALSE,0.131706750526907
"tinyAM",1993,7,44.0536,3,"NScodindicesQ3&Q4","NScodindicesQ3&Q4",0.75,NA,2,"2",TRUE,11,"11",27.1070132321517,0.389117327131747,1.24799014393723,FALSE,0.118067309207282
"tinyAM",1994,7,48.106,2,"NScodindicesQ1","NScodindicesQ1",0.125,NA,1,"1",TRUE,5,"5",48.8049275151446,0.28429409374778,-0.0507375013859534,FALSE,0.131706750526907
"tinyAM",1994,7,21.8872,3,"NScodindicesQ3&Q4","NScodindicesQ3&Q4",0.75,NA,2,"2",TRUE,11,"11",21.3917378379334,0.389117327131747,0.0588440152333789,FALSE,0.118067309207282
"tinyAM",1995,7,46.0027,2,"NScodindicesQ1","NScodindicesQ1",0.125,NA,1,"1",TRUE,5,"5",52.225517156489,0.28429409374778,-0.446267165709333,FALSE,0.131706750526907
"tinyAM",1995,7,34.4554,3,"NScodindicesQ3&Q4","NScodindicesQ3&Q4",0.75,NA,2,"2",TRUE,11,"11",23.2617185454744,0.389117327131747,1.00960989957876,FALSE,0.118067309207282
"tinyAM",1996,7,48.1119,2,"NScodindicesQ1","NScodindicesQ1",0.125,NA,1,"1",TRUE,5,"5",44.0392456929004,0.28429409374778,0.311115727587422,FALSE,0.131706750526907
"tinyAM",1996,7,12.1056,3,"NScodindicesQ3&Q4","NScodindicesQ3&Q4",0.75,NA,2,"2",TRUE,11,"11",19.1225903701287,0.389117327131747,-1.17497266433625,FALSE,0.118067309207282
"tinyAM",1997,7,39.1024,2,"NScodindicesQ1","NScodindicesQ1",0.125,NA,1,"1",TRUE,5,"5",42.2872101922602,0.28429409374778,-0.275421953363054,FALSE,0.131706750526907
"tinyAM",1997,7,21.3958,3,"NScodindicesQ3&Q4","NScodindicesQ3&Q4",0.75,NA,2,"2",TRUE,11,"11",18.6162351689634,0.389117327131747,0.357631420742461,FALSE,0.118067309207282
"tinyAM",1998,7,63.4885,2,"NScodindicesQ1","NScodindicesQ1",0.125,NA,1,"1",TRUE,5,"5",59.5497707706827,0.28429409374778,0.225281995331077,FALSE,0.131706750526907
"tinyAM",1998,7,20.5246,3,"NScodindicesQ3&Q4","NScodindicesQ3&Q4",0.75,NA,2,"2",TRUE,11,"11",26.6608234070927,0.389117327131747,-0.672216359444097,FALSE,0.118067309207282
"tinyAM",1999,7,98.4069,2,"NScodindicesQ1","NScodindicesQ1",0.125,NA,1,"1",TRUE,5,"5",55.0458724982401,0.28429409374778,2.04346151852873,FALSE,0.131706750526907
"tinyAM",1999,7,7.3578,3,"NScodindicesQ3&Q4","NScodindicesQ3&Q4",0.75,NA,2,"2",TRUE,11,"11",25.0122334319926,0.389117327131747,-3.1445633029682,FALSE,0.118067309207282
"tinyAM",2000,7,83.5659,2,"NScodindicesQ1","NScodindicesQ1",0.125,NA,1,"1",TRUE,5,"5",53.2722171915784,0.28429409374778,1.58364387517267,FALSE,0.131706750526907
"tinyAM",2000,7,31.807,3,"NScodindicesQ3&Q4","NScodindicesQ3&Q4",0.75,NA,2,"2",TRUE,11,"11",25.6897669665366,0.389117327131747,0.548918375908516,FALSE,0.118067309207282
"tinyAM",2001,7,41.3299,2,"NScodindicesQ1","NScodindicesQ1",0.125,NA,1,"1",TRUE,5,"5",40.9137042518269,0.28429409374778,0.035600932222138,FALSE,0.131706750526907
"tinyAM",2001,7,37.7335,3,"NScodindicesQ3&Q4","NScodindicesQ3&Q4",0.75,NA,2,"2",TRUE,11,"11",20.5606585696545,0.389117327131747,1.5603746737673,FALSE,0.118067309207282
"tinyAM",2002,7,26.1944,2,"NScodindicesQ1","NScodindicesQ1",0.125,NA,1,"1",TRUE,5,"5",26.4156322316523,0.28429409374778,-0.029583159203739,FALSE,0.131706750526907
"tinyAM",2002,7,5.4799,3,"NScodindicesQ3&Q4","NScodindicesQ3&Q4",0.75,NA,2,"2",TRUE,11,"11",13.4978300669584,0.389117327131747,-2.31663311107371,FALSE,0.118067309207282
"tinyAM",2003,7,47.7939,2,"NScodindicesQ1","NScodindicesQ1",0.125,NA,1,"1",TRUE,5,"5",33.6662707720184,0.28429409374778,1.23253192781765,FALSE,0.131706750526907
"tinyAM",2003,7,29.6519,3,"NScodindicesQ3&Q4","NScodindicesQ3&Q4",0.75,NA,2,"2",TRUE,11,"11",18.0659977636842,0.389117327131747,1.27338099551005,FALSE,0.118067309207282
"tinyAM",2004,7,20.8602,2,"NScodindicesQ1","NScodindicesQ1",0.125,NA,1,"1",TRUE,5,"5",21.9234687321642,0.28429409374778,-0.17487052485374,FALSE,0.131706750526907
"tinyAM",2004,7,NA,3,"NScodindicesQ3&Q4","NScodindicesQ3&Q4",0.75,NA,2,"2",TRUE,11,"11",12.0266205740193,0.389117327131747,NA,FALSE,0.118067309207282
"tinyAM",2005,7,28.8093,2,"NScodindicesQ1","NScodindicesQ1",0.125,NA,1,"1",TRUE,5,"5",26.8351568941271,0.28429409374778,0.24969002525434,FALSE,0.131706750526907
"tinyAM",2005,7,13.5189,3,"NScodindicesQ3&Q4","NScodindicesQ3&Q4",0.75,NA,2,"2",TRUE,11,"11",14.7940575721198,0.389117327131747,-0.231644473532429,FALSE,0.118067309207282
"tinyAM",2006,7,68.0341,2,"NScodindicesQ1","NScodindicesQ1",0.125,NA,1,"1",TRUE,5,"5",45.2587808380744,0.28429409374778,1.43377001507852,FALSE,0.131706750526907
"tinyAM",2006,7,12.8799,3,"NScodindicesQ3&Q4","NScodindicesQ3&Q4",0.75,NA,2,"2",TRUE,11,"11",24.886028223732,0.389117327131747,-1.69264776425583,FALSE,0.118067309207282
"tinyAM",2007,7,42.9332,2,"NScodindicesQ1","NScodindicesQ1",0.125,NA,1,"1",TRUE,5,"5",34.8885489842656,0.28429409374778,0.729831389166892,FALSE,0.131706750526907
"tinyAM",2007,7,27.5481,3,"NScodindicesQ3&Q4","NScodindicesQ3&Q4",0.75,NA,2,"2",TRUE,11,"11",19.2930040583949,0.389117327131747,0.915382062660536,FALSE,0.118067309207282
"tinyAM",2008,7,23.0688,2,"NScodindicesQ1","NScodindicesQ1",0.125,NA,1,"1",TRUE,5,"5",30.2646254095941,0.28429409374778,-0.954991689919695,FALSE,0.131706750526907
"tinyAM",2008,7,12.2418,3,"NScodindicesQ3&Q4","NScodindicesQ3&Q4",0.75,NA,2,"2",TRUE,11,"11",16.5122484076651,0.389117327131747,-0.76903824963291,FALSE,0.118067309207282
"tinyAM",2009,7,47.821,2,"NScodindicesQ1","NScodindicesQ1",0.125,NA,1,"1",TRUE,5,"5",32.9645742905237,0.28429409374778,1.30861457641089,FALSE,0.131706750526907
"tinyAM",2009,7,30.5974,3,"NScodindicesQ3&Q4","NScodindicesQ3&Q4",0.75,NA,2,"2",TRUE,11,"11",17.8959801220063,0.389117327131747,1.37834757589707,FALSE,0.118067309207282
"tinyAM",2010,7,23.5669,2,"NScodindicesQ1","NScodindicesQ1",0.125,NA,1,"1",TRUE,5,"5",25.525832182207,0.28429409374778,-0.280863312790453,FALSE,0.131706750526907
"tinyAM",2010,7,4.2197,3,"NScodindicesQ3&Q4","NScodindicesQ3&Q4",0.75,NA,2,"2",TRUE,11,"11",13.7155657344928,0.389117327131747,-3.02933653990498,FALSE,0.118067309207282
"tinyAM",2011,7,26.5728,2,"NScodindicesQ1","NScodindicesQ1",0.125,NA,1,"1",TRUE,5,"5",28.0201421478921,0.28429409374778,-0.186551458225613,FALSE,0.131706750526907
"tinyAM",2011,7,15.7031,3,"NScodindicesQ3&Q4","NScodindicesQ3&Q4",0.75,NA,2,"2",TRUE,11,"11",15.3059031589084,0.389117327131747,0.0658402027879469,FALSE,0.118067309207282
"tinyAM",2012,7,49.852,2,"NScodindicesQ1","NScodindicesQ1",0.125,NA,1,"1",TRUE,5,"5",53.284309045216,0.28429409374778,-0.234205648078301,FALSE,0.131706750526907
"tinyAM",2012,7,27.915,3,"NScodindicesQ3&Q4","NScodindicesQ3&Q4",0.75,NA,2,"2",TRUE,11,"11",29.4245661092999,0.389117327131747,-0.135346654992837,FALSE,0.118067309207282
"tinyAM",2013,7,41.872,2,"NScodindicesQ1","NScodindicesQ1",0.125,NA,1,"1",TRUE,5,"5",46.9938431612732,0.28429409374778,-0.405915048221834,FALSE,0.131706750526907
"tinyAM",2013,7,34.5931,3,"NScodindicesQ3&Q4","NScodindicesQ3&Q4",0.75,NA,2,"2",TRUE,11,"11",26.2231727779944,0.389117327131747,0.711895214773437,FALSE,0.118067309207282
"tinyAM",2014,7,30.3558,2,"NScodindicesQ1","NScodindicesQ1",0.125,NA,1,"1",TRUE,5,"5",45.0391661212211,0.28429409374778,-1.38780535761312,FALSE,0.131706750526907
"tinyAM",2014,7,53.7175,3,"NScodindicesQ3&Q4","NScodindicesQ3&Q4",0.75,NA,2,"2",TRUE,11,"11",25.4134629882221,0.389117327131747,1.92348093562656,FALSE,0.118067309207282
"tinyAM",2015,7,33.0096,2,"NScodindicesQ1","NScodindicesQ1",0.125,NA,1,"1",TRUE,5,"5",60.849059756833,0.28429409374778,-2.15128612480611,FALSE,0.131706750526907
"tinyAM",2015,7,59.1068,3,"NScodindicesQ3&Q4","NScodindicesQ3&Q4",0.75,NA,2,"2",TRUE,11,"11",33.9592887715381,0.389117327131747,1.42420684013019,FALSE,0.118067309207282
"tinyAM",2016,7,100.865,2,"NScodindicesQ1","NScodindicesQ1",0.125,NA,1,"1",TRUE,5,"5",100.145370301128,0.28429409374778,0.0251857349404646,FALSE,0.131706750526907
"tinyAM",2016,7,85.0884,3,"NScodindicesQ3&Q4","NScodindicesQ3&Q4",0.75,NA,2,"2",TRUE,11,"11",55.0727776254197,0.389117327131747,1.11800515074165,FALSE,0.118067309207282
"tinyAM",2017,7,124.1674,2,"NScodindicesQ1","NScodindicesQ1",0.125,NA,1,"1",TRUE,5,"5",86.3482811945866,0.28429409374778,1.27769715892284,FALSE,0.131706750526907
"tinyAM",2017,7,55.5294,3,"NScodindicesQ3&Q4","NScodindicesQ3&Q4",0.75,NA,2,"2",TRUE,11,"11",45.6860082855385,0.389117327131747,0.501443934843742,FALSE,0.118067309207282
"tinyAM",2018,7,76.8963,2,"NScodindicesQ1","NScodindicesQ1",0.125,NA,1,"1",TRUE,5,"5",79.9617202186715,0.28429409374778,-0.13749938120725,FALSE,0.131706750526907
"tinyAM",2018,7,19.7878,3,"NScodindicesQ3&Q4","NScodindicesQ3&Q4",0.75,NA,2,"2",TRUE,11,"11",39.14372798076,0.389117327131747,-1.75313349220045,FALSE,0.118067309207282
"tinyAM",2019,7,29.2263,2,"NScodindicesQ1","NScodindicesQ1",0.125,NA,1,"1",TRUE,5,"5",77.8090234995335,0.28429409374778,-3.44427985120068,FALSE,0.131706750526907
"tinyAM",2019,7,30.3333,3,"NScodindicesQ3&Q4","NScodindicesQ3&Q4",0.75,NA,2,"2",TRUE,11,"11",36.9224492746274,0.389117327131747,-0.505178296699573,FALSE,0.118067309207282
"tinyAM",2020,7,39.4374,2,"NScodindicesQ1","NScodindicesQ1",0.125,NA,1,"1",TRUE,5,"5",57.1728945090471,0.28429409374778,-1.30627162990698,FALSE,0.131706750526907
"tinyAM",2020,7,29.4718,3,"NScodindicesQ3&Q4","NScodindicesQ3&Q4",0.75,NA,2,"2",TRUE,11,"11",27.9325964844929,0.389117327131747,0.137849256695824,FALSE,0.118067309207282
"tinyAM",2021,7,55.1885,2,"NScodindicesQ1","NScodindicesQ1",0.125,NA,1,"1",TRUE,5,"5",46.6116309054535,0.28429409374778,0.594118913213311,FALSE,0.131706750526907
"tinyAM",2021,7,22.8962,3,"NScodindicesQ3&Q4","NScodindicesQ3&Q4",0.75,NA,2,"2",TRUE,11,"11",23.1155177047701,0.389117327131747,-0.0244995416984413,FALSE,0.118067309207282
"tinyAM",2022,7,45.1486,2,"NScodindicesQ1","NScodindicesQ1",0.125,NA,1,"1",TRUE,5,"5",38.0219988399736,0.28429409374778,0.604283966316344,FALSE,0.131706750526907
